x_0,y_0,z_0,x_1,y_1,z_1,x_2,y_2,z_2,x_3,y_3,z_3,x_4,y_4,z_4,x_5,y_5,z_5,x_6,y_6,z_6,x_7,y_7,z_7,x_8,y_8,z_8,x_9,y_9,z_9,x_10,y_10,z_10,x_11,y_11,z_11,x_12,y_12,z_12,x_13,y_13,z_13,x_14,y_14,z_14,x_15,y_15,z_15,x_16,y_16,z_16,x_17,y_17,z_17,x_18,y_18,z_18,x_19,y_19,z_19,x_20,y_20,z_20,x_21,y_21,z_21
-0.012171611049191,-0.3839280109408734,-0.076972550036535,0.0273258432758984,-0.4364844171328311,-0.0746997807677463,-0.0502010313340082,-0.4389886018835027,-0.09142787507919,-0.0093849781320266,-0.3014119954372642,-0.0903126630140656,0.0317479971383425,-0.6794469386758835,-0.0008760898234774,-0.1208991858138743,-0.6834741922714144,-0.1414811971260892,-0.0116789870533871,-0.2140586793141901,-0.0728241302972561,0.015868942116841,-0.9532037525415904,-0.02803406909315,-0.1098503269153567,-0.905942338628132,-0.272386388614391,-0.0094832808906293,-0.1862476744781458,-0.0465284525828522,0.0102158510312311,-0.9760981237096104,0.0617284901668396,-0.178443552155873,-0.954267453937424,-0.2398573014310394,-0.0048389289082744,-0.0463663236172677,-0.0449759478696027,0.0369057762752203,-0.1128027690087132,-0.0614448253884461,-0.0554934604875147,-0.1088294728780408,-0.0439154545807945,0.0,0.0,0.0,0.1168276649945687,-0.1231796768359973,-0.0776349794797233,-0.1308098905458779,-0.1220422335715236,-0.0202897711163917,0.1563325042993078,-0.2756099351396381,-0.1144758556334887,-0.1640407155959514,-0.2865250604388845,-0.0160286695260784,0.191670714432143,-0.3794314262810849,-0.0022589002808846,-0.1468814145394946,-0.4000899422857782,0.0932584562345217
-0.0011630994770236774,-0.3845439728802257,-0.0761019368474039,0.03825736205055227,-0.4353119234020931,-0.07214090160406915,-0.0381823217638962,-0.43948032993522146,-0.09278559458821044,0.0007906789889797422,-0.30094336388445536,-0.08869474744469732,0.036919571783524036,-0.6760163621832143,0.005526352292828392,-0.10396898844484607,-0.6843668270625103,-0.1639224340633633,-0.0022945558043686635,-0.21403760866965,-0.07116734244383285,0.02455415333472226,-0.9470402493419026,-0.02301301795149087,-0.0711497742589278,-0.9059322561927134,-0.29156112045547616,-0.0029225351278131416,-0.1873723410868632,-0.043234290552094705,0.015061832924691815,-0.9707521948572646,0.06333340432462989,-0.1461155217752241,-0.9519465451672902,-0.2691543331256125,-0.00169055254031393,-0.04729901220696428,-0.04196533140430724,0.042574804996217,-0.11306806639811066,-0.05367285705209352,-0.05025857296724594,-0.11038999038475572,-0.0467984656296618,0.0,0.0,0.0,0.12345209217078203,-0.12731606749041027,-0.05874275243864914,-0.12677195648932685,-0.12830344383350928,-0.028288609384941193,0.1617570830039758,-0.2810804514530784,-0.08458473913521156,-0.15370485487951563,-0.28963666227425244,-0.01664785332071364,0.18030561783474772,-0.38271051754093577,0.053000756434495554,-0.13745783019822216,-0.39705292194462577,0.09431294876583139
0.01181413657257833,-0.3842873897404436,-0.08245232146980931,0.049879404288929285,-0.43547340104660104,-0.07033968479133412,-0.02384212906295618,-0.43896481310255525,-0.10520002508266682,0.017695372068388046,-0.3003149958179736,-0.09585742548689885,0.03164987958762549,-0.673729449542548,0.01978923415125572,-0.08572602074435581,-0.679941604210957,-0.18149749888392838,0.00974958239692907,-0.2126730309121055,-0.07634265886458072,0.023031834780709585,-0.945785958429607,-0.011765226928309027,-0.02748422773108627,-0.9075300426669485,-0.2948090504068731,0.00471436476621806,-0.18736826350722025,-0.0485157719346806,0.011851335755326951,-0.9698716599518784,0.07233802896975813,-0.11682058607362794,-0.9508713163462902,-0.2866591674220654,0.00733336175552268,-0.04622129529337409,-0.04175550458844112,0.052065092598291514,-0.11258958069862723,-0.0472841411373876,-0.040863727499639554,-0.10853649405407234,-0.0572146313802894,0.0,0.0,0.0,0.13276037811315647,-0.12687903468286615,-0.03756036130256824,-0.11803225966828383,-0.12519839909249172,-0.05486738090236369,0.17850186327229364,-0.28128322774116504,-0.05323210546331732,-0.14991329952761268,-0.2870075456849325,-0.043845048381758046,0.1619879415639705,-0.3752725548563664,0.10493319465742038,-0.15586639403052366,-0.39370819589630796,0.07738806970205964
0.03101340744007259,-0.3880216044420879,-0.07047533750967962,0.06890822051879072,-0.4390162895655654,-0.0511414898941865,-0.0018886823633818507,-0.4438620560719663,-0.09859301765268128,0.03852360404336262,-0.3033741544617215,-0.08532857643642845,0.045362136073930255,-0.6753291161200121,0.050532920599276984,-0.05522922248164711,-0.6828899893143137,-0.1763295065075511,0.02343875749450954,-0.2149676105975501,-0.06854037948654845,0.04262758058230623,-0.9495910511807852,0.023308901290792744,0.020555855690070946,-0.9192790767520376,-0.2748394863368036,0.012185253413578788,-0.1900707350024072,-0.042182707335982686,0.042912411554735165,-0.9700837788743468,0.10863847238734652,-0.07398816944507199,-0.9582014058518806,-0.27629903766858943,0.014249844133525804,-0.0480584868047198,-0.038657952178730824,0.05912881095732426,-0.11439313205188303,-0.03201480363015914,-0.030750007953229307,-0.11025031125143848,-0.06328711687089623,0.0,0.0,0.0,0.13558049650470802,-0.1282128973359607,-0.0018838457263495886,-0.10847430236545623,-0.12364136931738338,-0.08393349482007015,0.18981483242727745,-0.28151562767460603,0.005431263429857183,-0.15918326613865333,-0.27915037860169395,-0.09740573454546517,0.12589244088456295,-0.35501556305772924,0.1578435117395911,-0.22289799588998263,-0.3598328169615136,0.033589315086096534
0.04829106846949923,-0.39410062429443066,-0.04574344492304931,0.08187548168430395,-0.4455700502366754,-0.01770528682821514,0.019035828853121106,-0.45187903365250387,-0.07687102353272672,0.0615357755066056,-0.31003510615954527,-0.06359659976836475,0.05302065965694346,-0.6798731339097442,0.09463355053083082,-0.021550939192401086,-0.697285347045477,-0.15053281383279332,0.040594594124244654,-0.2207967629469938,-0.05400140013784578,0.05853507024019425,-0.9538517241731856,0.07880610435531535,0.06291287260326534,-0.9450944778695561,-0.21955076683291327,0.02364361842834568,-0.1952641375990861,-0.033681487643457186,0.06538823020816593,-0.9719196068485229,0.16562493508600998,-0.038822945961997035,-0.9720017468388943,-0.2316521892760313,0.024331540377027575,-0.0506736390844387,-0.032987801842637034,0.06482400091672769,-0.11699918635338566,-0.011874064617677413,-0.01170272931866605,-0.11500805468960136,-0.06725204268914266,0.0,0.0,0.0,0.12441119423650707,-0.12786507749953469,0.04387316057884461,-0.08004730308429253,-0.12320305428083131,-0.10964711537725491,0.16916983455091067,-0.28354510696754287,0.09081367505386471,-0.14602401830584133,-0.2572284721958353,-0.17584377740944077,0.06533193284181077,-0.3386911650738622,0.21878208692723777,-0.2784435896303502,-0.2892373611665349,-0.07912364284159601
0.06766916743137967,-0.39769478818575155,-0.020875513048666503,0.0950694595929414,-0.4505182614876106,0.016081496056515508,0.04457568117328955,-0.4578437020891029,-0.05855290309810489,0.08695989393580157,-0.31472444796805876,-0.03549612741136182,0.06652805958732017,-0.6817210455110528,0.12966774182105037,-0.0004617047399664621,-0.7103336806611604,-0.1103187916530263,0.06037934802729901,-0.22533358351549093,-0.035106646864063694,0.09048065243774293,-0.9533351193431183,0.1391311882303458,0.09377312634942803,-0.9663194841694384,-0.14738041047102093,0.03765438201944586,-0.19877721129276157,-0.022726909583826685,0.07911195558922862,-0.9735052470042196,0.22519140855120853,-0.013934029336842364,-0.9850702226785646,-0.1713883786139649,0.03586336237393099,-0.052345209592995844,-0.02490334408087804,0.06646286664576768,-0.11986200683411652,0.012399964260210184,0.01625418374945899,-0.11753932175186438,-0.06944012212097347,0.0,0.0,0.0,0.0967412376237899,-0.12895243743023418,0.08760734877775583,-0.02886168924537478,-0.11741205383171517,-0.136449879269844,0.10714827754697542,-0.28697822396627004,0.15678981073282644,-0.0958512910760508,-0.2267780292110257,-0.24969294202040163,-0.01505491576407601,-0.3504715162353011,0.2293508445376443,-0.26716839046745716,-0.23645816147748525,-0.2676766967882247
0.07875409150631546,-0.4033628422925567,0.0027890034821009485,0.09669398779278705,-0.458336608977853,0.044349140213134956,0.06368767510771879,-0.4656378543164904,-0.038457236392972376,0.10036442810148395,-0.321500136591197,-0.004354868433656835,0.056243022449198966,-0.6821386545043777,0.16425554179698884,0.01103277482916219,-0.7150396310728648,-0.0727639635496632,0.07265539081473993,-0.2307150637244168,-0.010947524959175893,0.11557785636709256,-0.9509563470057442,0.1821386441208512,0.10957841102280143,-0.9769574959974975,-0.08012822340888097,0.047478487199529,-0.20401837924199084,-0.0060142212015797504,0.08981946405628571,-0.9735161414911331,0.26297867861833785,0.01176139713516012,-0.9935287922522497,-0.11257276632577445,0.042836912590522074,-0.056132411685752163,-0.010528448933937033,0.059620015567336974,-0.12459035140513797,0.03614387762266191,0.04276072646182271,-0.12195571411207519,-0.058612881363869884,0.0,0.0,0.0,0.05991168850042205,-0.13022464850732307,0.11509108787597058,0.027893291085424703,-0.1114288460167244,-0.1366428835019996,0.03639833061401023,-0.2813060478634113,0.19451870062348853,-0.021863970148606714,-0.16594557871328466,-0.2892090545998101,-0.09213773614318152,-0.3606352200688133,0.24066357509711395,-0.16522196126455754,-0.13051526420585746,-0.4214521315550823
0.0868557272586564,-0.402623546049338,0.020008346820208554,0.09701013646663617,-0.4586043738971652,0.06283320873516055,0.07913420961873824,-0.46590935248616616,-0.021694718190648683,0.10912761472136329,-0.32265067444285345,0.016605921968056984,0.04735868482880126,-0.6778732886786352,0.18199766845159213,0.011852097975145562,-0.7123734841437835,-0.04278624365886021,0.0805062896759294,-0.2310503215876038,0.006080379437097694,0.12470413398106939,-0.9430844760675919,0.22494825316320616,0.11127247782157641,-0.977748365226255,-0.03265897281227814,0.055085348482103766,-0.2036866439428415,0.005583358764437648,0.08443133266961224,-0.9723125224933202,0.3010601500162111,0.022468054935263593,-0.9976039105693655,-0.06532479887525912,0.04632574006057081,-0.056059324967913104,0.0007936504285616105,0.05013181514778265,-0.12482106800077257,0.05088784072771376,0.06396116394165513,-0.1214410962442247,-0.0469108387374465,0.0,0.0,0.0,0.02985870286586707,-0.1243475904589563,0.1291315184278458,0.07951600204370722,-0.10262739594784735,-0.12068901381227083,-0.015647218176379787,-0.25738478425497335,0.21925478968094234,0.07986620503768958,-0.09766304504281587,-0.27401036389048267,-0.13849534855901627,-0.33042727490211066,0.2558933359682718,0.007558908007986357,-0.004452642476687354,-0.44631819098623376
0.0881375338857314,-0.4034738948274408,0.033498342944909935,0.09410873651057548,-0.4604616206228218,0.07675774560537926,0.08316429331968912,-0.46844395173804,-0.006788132933475887,0.11131457087302885,-0.3239472097025474,0.029780357452749286,0.03480338561030812,-0.6753351977734369,0.1989453145462687,-0.010694801856899389,-0.7045287452283143,-0.028808162015117985,0.08101075307231738,-0.23008965265315934,0.016567119430559676,0.11954909536875108,-0.9366904500289659,0.25392794053944867,0.10898409356399724,-0.9707196238339622,-0.012022876923529102,0.05605810026866111,-0.20118785428671748,0.01358382204868126,0.07400956068781424,-0.970256120818085,0.32558930957491944,0.0249272503283751,-0.9984739161989018,-0.04927353064138375,0.0467250924486945,-0.05263241713878554,0.005997704389525471,0.040915517220409404,-0.12354293223395571,0.055896057079721895,0.07425222113240892,-0.11684332657340213,-0.036629879784465365,0.0,0.0,0.0,0.004182529871448482,-0.1156172695438672,0.12883483765491804,0.10600637823299998,-0.08705382456136065,-0.09776595954325316,-0.07378914611513515,-0.22568950114429392,0.21509112095022173,0.15543276675765755,-0.046080157684785884,-0.22784838177723848,-0.19965108331015333,-0.2790517378097615,0.2296497803909525,0.1598470822917958,0.07944604159397543,-0.39479916740722787
0.08836839318444603,-0.4024026084023537,0.032676531461751306,0.08744971510522487,-0.4613554615822174,0.07615913527347759,0.09200111080616788,-0.4679352518822025,-0.007064760905016008,0.11109535328137754,-0.32208907691100647,0.031149344242259583,0.015423805603744085,-0.6760971623389415,0.19673862786391974,-0.01466465434700763,-0.6951610168400983,-0.042959982609711775,0.08143471621210963,-0.22690147748105957,0.018101572732788843,0.1251218712568275,-0.9238447219593297,0.267024090270074,0.11455419585254013,-0.9586373011548954,-0.02201269199450516,0.05709199832289812,-0.19680604244917074,0.014443353526160557,0.071199305182258,-0.9655789856685383,0.3305215560877591,0.03893561271674392,-0.997426407659203,-0.06006968947791389,0.04711982018073733,-0.048370430182305316,0.008278659940398062,0.03172416212881267,-0.1230276298553459,0.05481827434784084,0.08425580023848911,-0.1086870808742998,-0.030648819188755567,0.0,0.0,0.0,-0.02021216890600688,-0.11411735688460752,0.11607133170221198,0.1285665431340946,-0.06930964892140117,-0.08006751578892506,-0.11521832349961693,-0.20710523984778006,0.17360321381384863,0.20916736939198616,-0.017151904147673168,-0.18258519515059224,-0.24323243484996315,-0.2605381861720909,0.15332926627877475,0.2644233557355591,0.1205963981504771,-0.31353318734801383
0.08981786997062251,-0.40290143184024296,0.022076278560580424,0.08406083275419753,-0.4644498798213356,0.06183694125618468,0.10126708172837272,-0.46825854040625964,-0.017627726719946765,0.11132487945367797,-0.3225440698543483,0.026749273388438563,0.007525363414827697,-0.6872897242212938,0.17295082728844777,-0.004545930315095583,-0.687299153860541,-0.06720099410674715,0.08156197932844542,-0.2257883783345208,0.015397695277433534,0.1476001139849191,-0.9170064552565095,0.2727365997400915,0.11783157427933513,-0.9505689458461284,-0.0526316428784248,0.060072301176958526,-0.19462710835712624,0.010389431925882663,0.09027513196241507,-0.9611312114403487,0.32210580714362,0.049132422961120074,-0.9960229988426602,-0.07410751919290351,0.04611182256985202,-0.04593928174095231,0.010210450100094602,0.02249029470974177,-0.12351062710302786,0.05195984792139666,0.0938368531097859,-0.1031377800999885,-0.026911364791579597,0.0,0.0,0.0,-0.04329933133044965,-0.11497273916913797,0.0992088688878257,0.1518242327805491,-0.05688616111927898,-0.0684729149660039,-0.1432218320737222,-0.20079425648201357,0.12245379975631623,0.24206978663319642,-0.00015638418154736446,-0.1532340934326622,-0.26466091137279923,-0.26890153232956276,0.07473456100227785,0.2940556546477054,0.12779556711509724,-0.2715776103039145
0.09205942728975496,-0.39969561477848164,0.002406086380351028,0.0860665058553548,-0.4612521634896791,0.03983201049807628,0.10938677431145824,-0.4643365705485787,-0.03853291446708006,0.11066604117197555,-0.3186034216508142,0.010811896237501676,0.011812817452068454,-0.6821248971621114,0.16078328710634135,0.008319606549276725,-0.684508531041856,-0.08697972534478209,0.07850971454633665,-0.22240403450768964,0.00343952665195712,0.15826685342795968,-0.9132362165395421,0.2556106869256319,0.1232303284379152,-0.9446698801424215,-0.09809557596894121,0.05821579730357108,-0.19179151201121278,-0.0012596153157444275,0.10368417867409548,-0.9569479877643663,0.2979664595289445,0.057890706914903584,-0.9915322712713777,-0.11610797920034778,0.044346951307818974,-0.04481280409563477,0.0070406176806351,0.015143668403408542,-0.12452942816223683,0.043104661527076864,0.09844664164240248,-0.0976749699799953,-0.031744602832153364,0.0,0.0,0.0,-0.05796190226965706,-0.11745611951172653,0.07929930279847196,0.16655514232988985,-0.044947703979005875,-0.07419105415339555,-0.14671911751642244,-0.1956842367388357,0.07839603008591903,0.25015703488798824,0.0025674820891032966,-0.1522858356055947,-0.24205664770665836,-0.28140836877607733,0.01970832693040943,0.28521664634332705,0.10588111045590443,-0.27078049560356954
0.08573301355866665,-0.3990619616776097,-0.02058157078835247,0.08772538604044748,-0.4592523438321718,0.014674985282035535,0.09626447067841074,-0.4615657075205752,-0.06483338068245426,0.10230791078312498,-0.3197574149300212,-0.013331874534939602,0.031643237660611334,-0.6712127461479218,0.15165504464715654,0.004969704569552242,-0.6840705234279674,-0.11420593242583137,0.07190150440019699,-0.22309470503497478,-0.010822694713471108,0.16624325526937314,-0.9207588991404564,0.19366502719364648,0.10155141832895903,-0.9398564373873426,-0.17490638733102726,0.05236189767024086,-0.1933636360914811,-0.013205773346078163,0.11933748312832455,-0.9582195378243601,0.24315019536851032,0.03455077633837482,-0.9821753970426478,-0.18389429233979657,0.04243927420817729,-0.04742849605067928,-0.0030916301533274668,0.01706380519500226,-0.1276101313820826,0.03603063632661582,0.09084326713666036,-0.09843348681564483,-0.0482405509159506,0.0,0.0,0.0,-0.047520070088002776,-0.11886293453680204,0.08396753978613371,0.1552579187804261,-0.042724219278311354,-0.1017517549071146,-0.12382270261259999,-0.19697478509093486,0.11691236749871985,0.2310091594468009,-0.010376285503482657,-0.19642333317719793,-0.22293993712676546,-0.27980821160687686,0.09205511779905982,0.25666258763648514,0.08985024614085352,-0.32232323818052094
0.039398404783930946,-0.3942407018169204,-0.05835341955100576,0.056434895188046466,-0.4520043917800469,-0.030608674564086696,0.0293671187239272,-0.45017364905291424,-0.10541195899130573,0.05603550259735989,-0.3148526734491268,-0.05302259089925744,0.024151519383944813,-0.6625562809490299,0.10754707408860209,-0.047235988689171025,-0.6746701761524282,-0.16471655360281795,0.038417755204191245,-0.2228652736545995,-0.03391778305249738,0.12399994421065143,-0.9168066452187574,0.10412441512399687,0.038416737715174606,-0.9098569966435093,-0.2728361853239557,0.022357203171809472,-0.19444904460354956,-0.02841502872448855,0.094811054442269,-0.9508580752352835,0.16823134546740243,-0.0252364186631103,-0.9616631473726929,-0.272362677214791,0.029536171222525325,-0.05254272548730851,-0.021865399722271972,0.02039372452843795,-0.13097277787203104,0.021603437130388526,0.04703847333524228,-0.10217842690297192,-0.07410227715290259,0.0,0.0,0.0,0.002217421383076649,-0.1183289909482856,0.08808911500968095,0.08200952922379502,-0.045961061439756735,-0.14329562450812008,-0.02445487745101768,-0.19769709331123833,0.18370880841526904,0.10604464568982487,-0.013647044875729607,-0.29228454766530165,-0.12477186507070863,-0.22949932027190204,0.23337158997131496,0.09209614472146088,0.11238577125704144,-0.45198327432973073
-0.028266390142724127,-0.37507750057502687,-0.0930300779903221,0.0012571531751322702,-0.4274584486272664,-0.0810220428404575,-0.05779909754854015,-0.42321583116036676,-0.13117264167218884,-0.015379472921441355,-0.29509336926579965,-0.09150746280312808,0.004663843714166445,-0.6472683610754314,0.030072507738126194,-0.11932983640095482,-0.6484386534153104,-0.1911073127269725,-0.015125618308699077,-0.20991202052876878,-0.06216247669916575,0.05583832389192636,-0.9006408087033397,0.017651021265278732,-0.08080563513434799,-0.871425535710317,-0.31201690003912785,-0.022862916338376033,-0.18123726151013586,-0.043737810101267954,0.04585577431438713,-0.9356471896093268,0.08246822485881042,-0.13323634840731816,-0.9375138859836352,-0.32089003657540943,0.007064780749918056,-0.04782708175622081,-0.04375163702232879,0.01884548534226311,-0.1228546514914679,-0.01461667998930861,-0.02253652990944829,-0.09514959540201517,-0.08393366012238936,0.0,0.0,0.0,0.055291280482371655,-0.11716035848468698,0.04328982849429645,-0.045684723602735205,-0.04482530680364206,-0.13344358679061227,0.0704799605331013,-0.2070646146194271,0.16060862903837497,-0.14236084807832491,-0.02102880381588322,-0.26747778795082294,0.013707293579445376,-0.18372821691969687,0.2813648709561794,-0.26688498211760936,0.07901232227068634,-0.3872012347581815
-0.0820568074506493,-0.36219403521610577,-0.08586265183266886,-0.0485118675476625,-0.4097711930923448,-0.08692860422618945,-0.12091902218862835,-0.4067413345502243,-0.10832688595127876,-0.07144807268079782,-0.2815482820308001,-0.08789667415977022,-0.028536967519006102,-0.6414386184741333,-0.021296138319228258,-0.17597859575675942,-0.6341398028608269,-0.16444988052327486,-0.060065252848720094,-0.20043782241527075,-0.06257890164809678,-0.00685350997385085,-0.9026296901728241,-0.027605043086611034,-0.17576545918128378,-0.8516589577065747,-0.2762158585521818,-0.05758010120566109,-0.17178734252311156,-0.03810436320046248,-0.011319040689202234,-0.9349361800779875,0.034156465779804204,-0.23018367517550373,-0.9282730494759645,-0.29196745397512625,-0.016254400739484042,-0.04273346485240734,-0.047992758717669635,0.005282283445307724,-0.11971306882682733,-0.04511391021531785,-0.07419902999124926,-0.08517909207292058,-0.05720547119663429,0.0,0.0,0.0,0.07343436305944903,-0.11780187260661946,-0.018100154415370655,-0.12927895399432165,-0.029761323138464395,-0.04755434751279623,0.1275857030262099,-0.20732688021829995,0.10613653198451355,-0.296127491149371,0.0032342800024711136,-0.029050303294595535,0.1413090644378453,-0.1341083017579599,0.25735762865265355,-0.4161103048251111,0.1112822385846676,0.023535629617328503
-0.09644287178814749,-0.3590519947510811,-0.06087700357967625,-0.06221048061831707,-0.4066704564910064,-0.0723001490693235,-0.13616541537295188,-0.4052857242551228,-0.06806859477142392,-0.09094670019909945,-0.2797791502483855,-0.06671130589617293,-0.026957965398404057,-0.6330377219377277,-0.008422492837136104,-0.19921977356993123,-0.6427388311882358,-0.11099377938520189,-0.07682182282819,-0.20119066459530205,-0.045113858506707856,-0.021120190672109296,-0.9023091406759597,-0.007074131097375631,-0.22816995959650957,-0.8305037318802813,-0.2608001327789576,-0.06538259870312452,-0.17183806027728202,-0.022671857688748933,-0.021462472266625954,-0.9323957919738723,0.058512874377466426,-0.27264336656059757,-0.9221551961146998,-0.274204246461989,-0.030438854923370524,-0.041013978525494654,-0.04079743373256203,-0.012130935163029767,-0.12039597578728467,-0.05791318190462971,-0.08652281257903643,-0.08378555314692136,-0.01849681072282717,0.0,0.0,0.0,0.06238743361212446,-0.11170979604480821,-0.06620041927971035,-0.1143028329945385,-0.0176633849463448,0.03907509764032039,0.1788837727520892,-0.2043690110184979,0.01444232322698032,-0.20006799665949926,0.00461485234192611,0.20177973039688,0.21336589830601632,-0.08205484823176855,0.15224103572532732,-0.14423580832847407,0.15001979985281755,0.30179360492805857
-0.09645808061060109,-0.3666389025173264,-0.03222764601240571,-0.06619148164266468,-0.41660181517427275,-0.05300549385487543,-0.1326897660625466,-0.4172786572471747,-0.024503256067178826,-0.09823363683266319,-0.28644961057805296,-0.040996104698443815,-0.012136952400920139,-0.6345850270862816,0.026655661158060645,-0.21279216927842218,-0.6593820169381845,-0.048008501475803995,-0.07825737482878113,-0.2071830557520155,-0.02499795799445321,-0.02531586898650599,-0.9082823135887088,0.023738354408082623,-0.2644111947453525,-0.8150170287909029,-0.24467669040337522,-0.06053479327104537,-0.1785049184257537,-0.007018461026613503,-0.01803035245625453,-0.9327727990398531,0.09983294106897149,-0.30090455776728403,-0.9179246098631786,-0.25854337277793815,-0.039153293764915255,-0.04432549106860876,-0.025428586458004516,-0.029987071378193002,-0.11849539821753768,-0.05717588225728022,-0.07774692576189651,-0.09554007730230735,0.016753177881552964,0.0,0.0,0.0,0.023849528473743796,-0.10447603183737489,-0.10352556166226853,-0.06889203813206025,-0.051368955510656046,0.0949784256709264,0.1385854271987062,-0.21445458121524008,-0.07520400618887602,-0.016776207617549443,-0.10716516670751258,0.2592837344338921,0.162805703789556,-0.06717341395919948,0.03419734672802556,0.1356676246286214,0.0181516382806204,0.2738429526112746
-0.09391472146060466,-0.3720769936141631,-0.050285835170498915,-0.06613484137826407,-0.4221349334458149,-0.07573436072044287,-0.1293669296075789,-0.4251736913979344,-0.03529950000363656,-0.10034451533500387,-0.290316675534293,-0.05777283891878478,-0.0075128045033148304,-0.6405762211775199,0.02598681904827443,-0.2090498360831755,-0.6701396717030538,-0.03362727674858125,-0.07462043183097669,-0.21046750197527617,-0.03736308507316585,-0.03085617922004282,-0.9119210751270337,0.005321087969389493,-0.30288677790170304,-0.8081973132857432,-0.23992403770286747,-0.054610703614126954,-0.18391151150987745,-0.016253710731189357,-0.024879999768794972,-0.935963373725673,0.09628283542242652,-0.3238278147766576,-0.9130387263150775,-0.24797880423894325,-0.038135061469630895,-0.047449301592574246,-0.021585485084002563,-0.034421444991315026,-0.1133245592357807,-0.06502489744048198,-0.06855750668956916,-0.10870441094970208,0.021334294735821553,0.0,0.0,0.0,0.008556616900828595,-0.10228128565907069,-0.12497681890655248,-0.053274464566250936,-0.09963271063061246,0.10480571640897349,0.07877770986666555,-0.23789613183731323,-0.14105913931703087,0.024733121099345577,-0.22994138627275665,0.1973619400800692,0.14937946388074427,-0.16030832131406983,-0.01523785170417677,0.18378386212013792,-0.15923737591216763,0.15207460179757726
-0.09910141982520357,-0.3660409617697985,-0.09459659196957747,-0.07158440945593889,-0.4161761951314029,-0.12354975707958327,-0.13750591399655865,-0.4220402978844142,-0.07971066994881167,-0.1054085430668716,-0.28249807563104373,-0.09910674138841301,-0.007276530087472252,-0.6366564394398615,-0.003339319490571354,-0.21272806345425432,-0.6688099843046903,-0.062298814448988354,-0.07635331978482615,-0.20101025924704402,-0.06579099713761964,-0.04162273143826845,-0.9048373364141846,-0.04040919400804884,-0.34042498275528954,-0.8046847700399276,-0.26056684379208916,-0.05687183510494195,-0.179175039049728,-0.0430823231257672,-0.03394964182018318,-0.9266736064352822,0.06017991563075531,-0.3635052838537315,-0.8976776468597513,-0.24889322272557887,-0.03610153400634635,-0.0428357753767079,-0.025016447090031417,-0.03300818778756268,-0.10130008929561174,-0.07971036831130861,-0.06992089078475947,-0.10849396258981939,0.008260288480635043,0.0,0.0,0.0,0.010129163797185377,-0.09300581456895417,-0.14297374847766964,-0.06695462725470655,-0.12081208182020416,0.08808380971154806,0.04121285203780068,-0.24132445674399108,-0.2009463013786938,-0.030298540922574113,-0.27945945991695637,0.11693006949471348,0.13853750844273388,-0.27728834825387194,-0.06903125800562168,0.14026506123033539,-0.281190112600649,0.07026218168296336
-0.11040770974036027,-0.3559888439295433,-0.11989273060872506,-0.08079535710563356,-0.40624272337406175,-0.15126481141876225,-0.15213600921309622,-0.411564744798999,-0.1059994768194671,-0.11692771824400962,-0.2711538263834263,-0.12297286020503106,-0.02075732607782587,-0.6292359756839523,-0.026628764629445155,-0.2316775747350548,-0.654058712665653,-0.08661884019067485,-0.08442975908191179,-0.19206488847872608,-0.08496478676859988,-0.05740991647944479,-0.8918764619442345,-0.07855399242538134,-0.3781233580161961,-0.7909857019317206,-0.2786775742651315,-0.06407385985211812,-0.17224317243259682,-0.05924779776587693,-0.04975976896493356,-0.9115455075527946,0.02657693348516354,-0.40910264050916223,-0.8760806855473179,-0.2551135368925283,-0.04064207343354661,-0.03708747074259313,-0.03233143066399739,-0.03150899218038619,-0.0950104705231348,-0.09017197801119327,-0.08267591887810877,-0.10088415868124598,-0.005390208881856541,0.0,0.0,0.0,0.022339974865948947,-0.0928290235158782,-0.15314881157407018,-0.10085808423347692,-0.11527198337243826,0.07273979653604049,0.04988942634638314,-0.24694223416408903,-0.2180761099409087,-0.11930129026031978,-0.2811627735095375,0.07933615221107906,0.13002241911715856,-0.3134668309257892,-0.07631180072638193,0.053172052876896664,-0.3406190663626509,0.08003576710022059
-0.11000523646663776,-0.350547178247256,-0.11694273277067053,-0.08005447559456708,-0.4001610348185062,-0.1476875688141223,-0.1519903419854517,-0.404933528196892,-0.10360907260848412,-0.11702361978380102,-0.2676560780782118,-0.12145932103426083,-0.023124967665742232,-0.6202583550287051,-0.02596258562079242,-0.24706762925658413,-0.6421439850039884,-0.09636519806478357,-0.08293245187017162,-0.1896863228912396,-0.08493589547897246,-0.06441981880751847,-0.8737168285723823,-0.08613880197563707,-0.40586390353365936,-0.7640450474045547,-0.29323531066615577,-0.06401660027806577,-0.1692227706852215,-0.05976888996896499,-0.050110347603945414,-0.8922623368814314,0.010980297096915767,-0.4506509163276695,-0.8500728215283814,-0.2725060565947212,-0.042394990557798246,-0.03646746167011279,-0.03267442572053005,-0.027386137957201566,-0.09495853623735452,-0.08663501704258089,-0.087192515627096,-0.0978160743841167,-0.009570862903980328,0.0,0.0,0.0,0.031693846513306735,-0.09470167184196378,-0.1435770983075677,-0.11860620379562074,-0.10878121413848643,0.06453564262507079,0.06470048697334416,-0.24633539845979882,-0.20245155125192668,-0.15871064190474646,-0.27197541972725686,0.06251302539674752,0.12885662753314422,-0.314622091750794,-0.06130712557811438,5.7157729120996606e-05,-0.33492784047594354,0.09819989525394127
-0.11103668524442085,-0.34857797005080915,-0.10725432805445811,-0.08174832674029701,-0.3981314303010117,-0.1361479347424799,-0.1535624899760913,-0.40134960217652726,-0.09567570775086706,-0.11557108033436753,-0.26837459014945625,-0.11222665396524231,-0.02929794924479047,-0.6088197502765281,-0.018976967742438865,-0.25428112423825316,-0.6404878750824148,-0.11227910813228494,-0.08072442603423385,-0.19018444019241956,-0.08017008640710063,-0.07658241269179725,-0.8567734425542258,-0.08559815909912988,-0.41408868310737573,-0.746688130640234,-0.30886979089664796,-0.06280982926127114,-0.16954095869716732,-0.05554146820316359,-0.05403870337543843,-0.8777461120201964,0.0027150153272109036,-0.46404412536055706,-0.8349994389116149,-0.2956893620427651,-0.04101400414643487,-0.037551120230140504,-0.03243073175159284,-0.023600647053787574,-0.09751345143476328,-0.08156363660576746,-0.08776638188050007,-0.09691379413996247,-0.010952315209946663,0.0,0.0,0.0,0.037830935329626426,-0.09738419746586553,-0.13361323789257365,-0.12668435141257348,-0.10551105972060264,0.05762447413536198,0.08136534843359026,-0.2431885251143293,-0.19017972459326427,-0.17683426596026755,-0.26439465304891396,0.0504552841858843,0.11867086028972991,-0.31655224025936735,-0.05209724528938681,-0.01739850749164497,-0.33465401806412903,0.10273857341729774
-0.1087776477526686,-0.3481076768970104,-0.11082358562586594,-0.07677611524689847,-0.3965045969938812,-0.13753588206117306,-0.15204505618868328,-0.3999973194883973,-0.10347414729139634,-0.11313198618428394,-0.2684867551930972,-0.11570648333429642,-0.033609020858329765,-0.6108469211946281,-0.029561672946568758,-0.24745397223960316,-0.6389261472223006,-0.12911486060483368,-0.08042637432058759,-0.19146326791399734,-0.08203914131032883,-0.08131111101863604,-0.8618633558646575,-0.08745333803224731,-0.4009045819818904,-0.7545947268751897,-0.3251895891400359,-0.06377256634380567,-0.17049506437624315,-0.05616206153773187,-0.054532027934149935,-0.8809080164254607,-0.001805505256357442,-0.4426000922282127,-0.8412548747974177,-0.31044853800175454,-0.04021871795648707,-0.03921320476842773,-0.03326918580786666,-0.020278378314521298,-0.09968572956912249,-0.07891931385435899,-0.0905866174045251,-0.09760825685651155,-0.015975974732279127,0.0,0.0,0.0,0.04694951410175429,-0.10023957004314893,-0.12314131743980399,-0.13287708361815043,-0.10901035525242227,0.04864792018702556,0.10053568282252963,-0.24043252793884634,-0.1690206179685498,-0.17388184270866744,-0.2716016396437941,0.04144158536895173,0.1155167226204888,-0.3174374428189518,-0.02895196697020524,-0.02672305899696888,-0.3671135217559812,0.09332098739721206
-0.09826926273953882,-0.3528567242742809,-0.1256697669960278,-0.06473049431012784,-0.40209108601262966,-0.1492136337552117,-0.14370016600385194,-0.4038950214664898,-0.12319317062459259,-0.10175749173005554,-0.27201206911161335,-0.13089817490986985,-0.03467498298329274,-0.6227895397455638,-0.036894087160564006,-0.23720056044612015,-0.6417199901161116,-0.14602996506011443,-0.07282193867257429,-0.195599636446212,-0.09206946703575454,-0.08257046336638103,-0.8761059611604589,-0.1010938304330578,-0.36509758580901286,-0.7770036561649263,-0.3513803131799362,-0.05708001027010978,-0.1745420729933723,-0.06319758809793168,-0.046995908823374705,-0.8941561494326057,-0.013902159285512928,-0.397284895960152,-0.8565100908685459,-0.32944698702571584,-0.030819798902260866,-0.04260924595343862,-0.038281442833186255,-0.009397699989239353,-0.104598792753697,-0.08283259427633047,-0.085727381755933,-0.10028002934531734,-0.025764683441427724,0.0,0.0,0.0,0.06588545273669134,-0.11019248479188724,-0.1143340344844392,-0.1319685744194508,-0.11681472803165631,0.03593710406469014,0.11403601924452947,-0.25616163473947023,-0.13822134818632084,-0.14852794050050033,-0.28292008946130887,0.03158515549211911,0.12726504626509588,-0.3520754735031002,0.006125385966154025,-0.021540150825628077,-0.40956464120855474,0.08714169108207717
-0.07632546700432342,-0.357255206497107,-0.13730603603419558,-0.04160230608224069,-0.4082208647205212,-0.15278530801917178,-0.12533048499240454,-0.4082581648441918,-0.14147487181024027,-0.07420396803166723,-0.27559028647255746,-0.1459527926337919,-0.03103570500581055,-0.6382662181075657,-0.03592360386268346,-0.22550354936997108,-0.6432848185356663,-0.1528360607220487,-0.052459389657295394,-0.19895855516517186,-0.10277593207398053,-0.06970867850186065,-0.890894425237354,-0.10932389196934633,-0.30687579107959545,-0.8024430947991706,-0.3610724632727259,-0.04103111867458116,-0.17837586325951307,-0.07050143696458785,-0.033944144624533386,-0.9092286169821626,-0.020405653704151552,-0.3460922209131796,-0.8764740335234585,-0.3346706088069021,-0.01852270354070757,-0.04462429045420174,-0.04357980900814909,0.009824570467737296,-0.10823520685466247,-0.08147264681516983,-0.07580599293214106,-0.10192834312876264,-0.042081309774833715,0.0,0.0,0.0,0.08975042324210739,-0.12107149333225183,-0.09421888216229111,-0.13332808255731005,-0.12149882916709871,0.009485495419954186,0.12300556876689364,-0.2734851522160917,-0.10622835882001748,-0.1345817952839363,-0.29162228575575355,0.003674589554606913,0.13125468771246898,-0.3896596652645804,0.029482288052235472,-0.029460721792498156,-0.42393981808865944,0.07596772062859453
-0.034350276767370284,-0.3671692158777309,-0.13923723237857166,0.00166276969311155,-0.419473222935111,-0.1426767415257513,-0.08168477406453346,-0.41809110718024156,-0.1545858274357907,-0.027418184487840894,-0.28266196697632945,-0.149690910326285,0.006788789876000414,-0.6547978319416402,-0.029177362099189585,-0.18688974376431777,-0.6536581930894229,-0.18727526728689103,-0.020669043738721596,-0.20293488067034587,-0.10865542623363948,-0.01634827678695502,-0.9155916090360705,-0.08889797147093834,-0.2062220085743604,-0.8503703425919594,-0.35420480229718027,-0.01788811920413474,-0.1812596399234135,-0.07313872389913423,0.015832033348537267,-0.9337024143714443,-0.0013367428923493096,-0.274713382256361,-0.9043462228973725,-0.32660667094142215,-0.0029501025809458878,-0.044849821483465765,-0.04745554524017352,0.03406035818459367,-0.11101160357768079,-0.07368533548497172,-0.058705008370190555,-0.10131539548060965,-0.0596893028785568,0.0,0.0,0.0,0.11428383173199728,-0.12811188502123508,-0.06507850074966165,-0.1310500691380549,-0.11836068741326256,-0.02920624044381144,0.14437138887631085,-0.28479419247948806,-0.07382630508913791,-0.13526474896350074,-0.2874661977610837,-0.03768154115159817,0.14716444967980707,-0.4068836619755553,0.05162491069887504,-0.06971602355432177,-0.4165168326724469,0.05683531984713899
0.009052140754640095,-0.37555897577635505,-0.12045334198017438,0.0463300383263624,-0.42832365670478756,-0.1117430083782236,-0.03152233970956199,-0.42846482933067104,-0.14677902422862776,0.018410552245200353,-0.28998264544960595,-0.1323906965169352,0.048218244992603576,-0.6685172337399385,-0.007195112706080131,-0.12048667840687233,-0.6651323813504388,-0.1938451983211248,0.011452504993226002,-0.2053307282293443,-0.09996142855917808,0.027667408558806388,-0.9379219195469647,-0.044423504075575285,-0.08892886323011061,-0.9033211523505796,-0.31096041377229994,0.004686825999580155,-0.1829634478920132,-0.06736306820605757,0.055810376904939035,-0.9537888969657846,0.04276058103508711,-0.18595869558888373,-0.9379257574184791,-0.29269378853788447,0.011413563658404671,-0.04253156494351874,-0.04779442212539094,0.05469344892124987,-0.11042720384428183,-0.05539266483598753,-0.03825791571837181,-0.1003036486585074,-0.07388460032745067,0.0,0.0,0.0,0.1289886129951126,-0.12707717494425916,-0.022900949884931132,-0.11753769261125536,-0.11558494691969358,-0.07280503930198677,0.1635012159487063,-0.2842195124918009,-0.023666858231996685,-0.13090753742531802,-0.2853167260010605,-0.08740916887318331,0.1477373592143496,-0.40300800417822413,0.1018229648979503,-0.12468600299591599,-0.4137296194585985,0.021220218190495747
0.05514367918691422,-0.38255840680653663,-0.0843724530765829,0.09228481395628828,-0.43350493606905455,-0.06442734717558558,0.022214645035810963,-0.43887662854706055,-0.1162806752839291,0.06523822417931505,-0.29727677529114854,-0.0971271568441472,0.09737889556075863,-0.6784151358695392,0.0349017132246263,-0.04923419979896685,-0.6866710867238198,-0.17484368615307028,0.04721041376951331,-0.20874892222992755,-0.08028314478365808,0.07932784859896887,-0.9549139637262031,0.022467257615772798,-0.007289881611201723,-0.937616822519764,-0.2580620919878126,0.030935895359306832,-0.1865647453190249,-0.051107284063014395,0.09750853751587044,-0.9679060732958353,0.11250888364183378,-0.10997938978328138,-0.9622724772587627,-0.2486911273175765,0.027084295285274222,-0.04379164831650949,-0.04269392386339336,0.07174018946223004,-0.10818444282625171,-0.031844787348712135,-0.010134844733610062,-0.10739301525601122,-0.0767562724825134,0.0,0.0,0.0,0.13428653034152568,-0.11708407082073402,0.023590877791337617,-0.0849722681135259,-0.1275850968016882,-0.10049585007481603,0.17386757104146927,-0.2764003648436961,0.04573180084868032,-0.10080849825470994,-0.29967816872676434,-0.11206268193092817,0.12171441505209739,-0.3881345331397063,0.16476701131210744,-0.14229556710730878,-0.41484490848462285,0.007239914092315255
0.08573024189300507,-0.38758433056396874,-0.04720037481541445,0.12068005922425176,-0.43813779263732733,-0.019145689561667987,0.05643977542432023,-0.44716779076272084,-0.08248686905400422,0.09796287540449197,-0.3021931179285267,-0.060739495381839974,0.119077556707206,-0.682401608065779,0.08522141475009183,-0.006845671020046249,-0.7034162684393384,-0.13426492345081334,0.07404757569416748,-0.21174581932422235,-0.05575791480641106,0.12523084237343188,-0.9613306882950204,0.07108488839119449,0.05651204819635298,-0.9617827190641558,-0.1954605737419362,0.05040493162480808,-0.18882880188192994,-0.03108423898656382,0.1236979389847027,-0.9761477777789388,0.16537086452738012,-0.051283119291756954,-0.9805622378079889,-0.18910550735525153,0.037451574857481365,-0.045742630748646,-0.03734369372305007,0.08172895738616658,-0.10611271149675933,-0.009787429064564769,0.012792691816929132,-0.11440527243626518,-0.07366848948181483,0.0,0.0,0.0,0.13035785671247221,-0.10729099907766282,0.062203554723230914,-0.054743375497987,-0.13920793553503033,-0.1118220171413964,0.17187113624461534,-0.2643725862760745,0.10615818479875902,-0.06803557351483809,-0.3173315585305861,-0.11498098751057405,0.0814995514388495,-0.36709187017601175,0.2117357560158795,-0.13864684145513764,-0.4292695339417949,-0.007924373730681913
0.07933485622531929,-0.3936778038435848,-0.013881924968612808,0.11131772205626629,-0.44419705320202113,0.018613065028811677,0.054428093015249646,-0.45499168104465276,-0.05106060949902567,0.09361303360756881,-0.3089612786029586,-0.028332826033584564,0.1102784896525954,-0.6866223435424056,0.12060064300745862,-0.0009863545613952127,-0.7114855772850124,-0.09031200081080781,0.07066525519250035,-0.21884986465984888,-0.030398821292144256,0.15488239670686485,-0.9648217479163516,0.104526137685247,0.0732207583823757,-0.9730589420366765,-0.1321823472533747,0.04543322504800633,-0.19434888210139178,-0.012946132772749657,0.13353242049220518,-0.981979790206306,0.19581268565156854,-0.027302151559782772,-0.9919928257251203,-0.12316223575632647,0.03973863209590699,-0.05073252074614416,-0.028992766421624027,0.07713803929627588,-0.11170003429061193,0.009743418668835626,0.0174871178648684,-0.119947281463382,-0.06494488585798248,0.0,0.0,0.0,0.11458055117622493,-0.113589916566872,0.08967329880705573,-0.04322269830055232,-0.14399334919332418,-0.11440306072321765,0.13723546971324874,-0.2723825182033476,0.14843912132199272,-0.06252488145904399,-0.3199623428332052,-0.11598096529005315,0.02124466920819887,-0.3696062351343661,0.2332810605544617,-0.15644481255205056,-0.44095134732532215,-0.032478029327671645
0.06680610645441515,-0.39855189210768543,0.0047052923479996255,0.09756031420994697,-0.4481046730128239,0.03978952266760839,0.044134400091141474,-0.46047520378336815,-0.0320488877368802,0.08146694744559402,-0.3146717157714372,-0.01144424682856791,0.10862214490149841,-0.693176211601463,0.13316189164450065,-0.012839281202724429,-0.7149189713198888,-0.059703027381445804,0.06264291720443026,-0.2241922491337418,-0.01677248907459946,0.1648707963848132,-0.968560286650647,0.11688522427870457,0.06676407748122666,-0.9749164512718602,-0.09742702049784109,0.03735152832136673,-0.19895208688847077,-0.0034312810476069353,0.13622609083288373,-0.9848860099109169,0.20607987396196895,-0.028790139578645083,-0.9957433365740117,-0.08750718904806055,0.03789104154312118,-0.05502699265613085,-0.023051069270045837,0.07091911479334663,-0.11636643581932633,0.019962192862232234,0.015826179924530566,-0.12473013492826439,-0.058813348493162325,0.0,0.0,0.0,0.10409068075961224,-0.11975934144226885,0.10099154552419305,-0.04095253409116201,-0.14904334601377145,-0.11532244634241091,0.11780458085891046,-0.27640032849980317,0.16733121306245224,-0.057107662514851616,-0.32300342786136843,-0.12495794885505494,-0.007567850147430672,-0.3756674817750656,0.236369799676998,-0.16074093365169095,-0.4627720388483765,-0.06614404040728139
0.06375382835391988,-0.4024562563653983,0.013824811513037272,0.09297112225534258,-0.45225174185588574,0.05114920658345908,0.042295352702401715,-0.46517787310142383,-0.021999326105007704,0.07979395511915677,-0.319079015427874,-0.004799699484201808,0.10083932632784676,-0.6965251820719273,0.15023948317230895,-0.03387172198756922,-0.7164293106657459,-0.03995219204300854,0.06266303270966168,-0.2273843084303559,-0.009840127033907622,0.16530889083792638,-0.9703709439669583,0.14002451384822195,0.06018427520511687,-0.9718124898112503,-0.08268473755368443,0.03751901211092872,-0.20120190439185712,-0.00015678000826425015,0.1281997811007788,-0.9870473523711474,0.23158352986026123,-0.036466335464896124,-0.9963071626913625,-0.07772695283774815,0.03947698821522613,-0.055675961455159455,-0.01972776547725622,0.07067748116387045,-0.11717009677038319,0.024126952540963878,0.018662269797346066,-0.1266982176708505,-0.05503939869807248,0.0,0.0,0.0,0.10394970821467443,-0.12099363319289347,0.10371866928579164,-0.03201781907539649,-0.15372854812342837,-0.11580674876889331,0.1124422251289693,-0.2765004046786302,0.17390141325295247,-0.04751201162187184,-0.32932912294945227,-0.1250657954674576,-0.015258405970587738,-0.37525126598927167,0.24264806900328517,-0.16121024375946935,-0.47081213295547947,-0.08692648466799714
0.07865815010379104,-0.4012002151680899,0.023426624130989872,0.10844984826359448,-0.4509540229821725,0.06241163628275122,0.057543712960491225,-0.4652522306083651,-0.011812033752985266,0.09437402490498722,-0.3177104878871592,0.003922726537011215,0.10920031778090872,-0.6956850263431597,0.17145078777853537,-0.031465517310485545,-0.7160918172745905,-0.029201248094980117,0.07473304197961801,-0.22615269323388773,-0.0011627232857629813,0.16791115723414687,-0.9711358952559075,0.1576434360145144,0.07128254194700175,-0.9717185956733598,-0.06874966584165042,0.04715577006217225,-0.20121576170530472,0.006386671119064403,0.13810514937082904,-0.987726222529899,0.2556963824621323,-0.02526960948596599,-0.9972062986620747,-0.07018913539086682,0.042664689627964436,-0.05465329601816875,-0.01635673307198439,0.07523041338156103,-0.11479404952232503,0.03082711825883554,0.027664208157471844,-0.12720074191888672,-0.05133726097193263,0.0,0.0,0.0,0.10064102825300819,-0.11756341143204561,0.113592049817618,-0.019657490867799738,-0.15462346261915277,-0.11453447066845257,0.09784013102783476,-0.2701118233292872,0.1965368213944307,-0.04163669531270682,-0.3284658367782121,-0.12554948540743827,-0.04290922702721367,-0.3507021831267443,0.25113200694135995,-0.17382748026601727,-0.4509662036195852,-0.09890041521467204
0.10548450421184247,-0.39803574171222283,0.03477737370077469,0.13450549879126353,-0.4479855006730077,0.07619183011241737,0.08605328876877782,-0.464311238368667,-0.0005543639062766058,0.12075493586462416,-0.3140320052435265,0.016074705665050447,0.13114751834577165,-0.6929942005245325,0.1975979137281636,-0.020990266478976657,-0.7123711381368486,-0.014174810604601332,0.0940421000376378,-0.2226789158583653,0.008815226924717229,0.18789271387340195,-0.9726594015329685,0.17671787391975605,0.10080219355717315,-0.9698546525105066,-0.044946654286640124,0.06224649480654797,-0.19952918758308483,0.013563288575452416,0.1667517640493799,-0.9904748555285876,0.27931664978569,0.0038396709109110535,-0.9985530230149889,-0.053214215091447435,0.04998766544443247,-0.052096192194832344,-0.010250473998019373,0.07982390025877406,-0.10991815620618745,0.04042534612385342,0.046742191885156145,-0.12691541659394415,-0.04646799872363132,0.0,0.0,0.0,0.08424850109560786,-0.10721786728821775,0.12724899851630012,0.008504563843766237,-0.15205576648440175,-0.11413018386765048,0.06190265302577686,-0.2554164878768133,0.2178116370995334,-0.02413902546434315,-0.3177605057482694,-0.141727976591964,-0.09094662434937191,-0.32063352782922366,0.2470742707951047,-0.17644621973284721,-0.41265337241788064,-0.14978608861798945
0.12997008130275262,-0.39603933160482774,0.041137306857559515,0.15641583875035256,-0.44820518626322164,0.08491066317276728,0.11577208946244434,-0.4644703522641597,0.0037868702282593584,0.14423483047963,-0.3126705197530715,0.025058416818510138,0.14224762021338105,-0.6847355304890163,0.22509191011744778,-0.020904379782737348,-0.7053217983238802,-0.009087019277444066,0.10647097882784982,-0.221551536064319,0.017046755986376155,0.2109740463679221,-0.9682642272258665,0.20390061370406554,0.13273443779775365,-0.9609956133598198,-0.032498437543804014,0.07455671177776221,-0.20109560957848988,0.01763685648188951,0.18737254688483684,-0.98977083611055,0.3027227824298196,0.03671134616282405,-0.9980958202660161,-0.049487111050254703,0.05313675782972627,-0.051755615202837446,-0.0011719670846223802,0.07746838580194507,-0.1104384744922225,0.05109358435538649,0.06394558142356323,-0.12541017143956498,-0.04158417020864894,0.0,0.0,0.0,0.05824881599770858,-0.10776007319915967,0.13438720130969425,0.03980189104730032,-0.1398828525566878,-0.11550942044698076,0.015656101459416386,-0.2574602334981933,0.20668159124339916,0.00717506282588244,-0.2816252431114798,-0.1967704594743264,-0.14352803115469914,-0.33070688924289926,0.21155632650804967,-0.13230751655102038,-0.34550219459669584,-0.27595121529324057
0.13673085710550872,-0.4030388784832941,0.04565981907732818,0.1557091238272325,-0.45935489448212496,0.09281738732417517,0.12722046974788215,-0.4726087345129911,0.00545975979203752,0.15510028132213627,-0.32097078456417444,0.033223228119685116,0.11354112153076783,-0.6836993724322201,0.2461098565192116,-0.04315591535163839,-0.7038391790029657,-0.00325015801617954,0.1111792204314235,-0.2289828489035574,0.023563118349224872,0.2220041469592707,-0.958930422283937,0.23001935895522108,0.14056519190813355,-0.9508429535342297,-0.026077146424997876,0.07976781692197542,-0.2073627596347659,0.018504892041940595,0.19743636820030003,-0.9858852387355189,0.3277432988878613,0.04857384417628445,-0.9973282342492514,-0.05434936202817001,0.05548371705175581,-0.053361119643099114,0.005218722240695052,0.06636002989466074,-0.12098174100882098,0.06156416763813047,0.08215990068816745,-0.1221965787699792,-0.04038546297954901,0.0,0.0,0.0,0.02275657958090049,-0.12887704953205154,0.13855586972049952,0.08317120438824656,-0.11764826296391587,-0.12650725166633292,-0.04756377530716001,-0.2857257645191478,0.1908432187987059,0.07091852468164069,-0.21036116202702487,-0.2726078421849648,-0.195921973849139,-0.37781331163945586,0.16706125515398623,-0.044096922391432404,-0.209234682357742,-0.44346768197809305
0.1472729438724628,-0.409570080603309,0.058372130259749994,0.1583529368322566,-0.4719647633411851,0.10974634282661436,0.14597178469564084,-0.47916697986609447,0.016479422713705987,0.16935919084486056,-0.32647300926666734,0.047658563257215604,0.08794815309130076,-0.6913918132710813,0.2713683930218802,-0.048035860977833404,-0.7027741792138577,-0.0041654032245672335,0.12071148340482804,-0.2343360081104794,0.03327966295324463,0.2427675087931928,-0.9349214239432522,0.2882450924403119,0.1527043256872464,-0.9437656880621232,-0.0029217954057544505,0.09000700954529503,-0.21010723581050647,0.02265585198334024,0.21778104494292355,-0.974993096339128,0.3863711659291227,0.06184330996186589,-0.9974647033018217,-0.03483754273242701,0.06178608327920771,-0.051901610004088966,0.00928721859476727,0.06028440697682447,-0.130265537786768,0.07202955140657422,0.10457811691785565,-0.11376798045105727,-0.038253763613156445,0.0,0.0,0.0,-0.0011022263956548101,-0.14987171266721683,0.14445971771850025,0.12808205759625152,-0.08766091470422363,-0.12726460154090233,-0.09571719496497734,-0.31505619937792234,0.17524913421024813,0.14625437650346546,-0.11238419729783904,-0.2885729587132311,-0.23868725383777636,-0.42014983591040034,0.1461758643377045,0.06914230687313001,-0.011794362513068,-0.4937726367313236
0.17486004259557542,-0.40111306496972626,0.07084905331653127,0.18052000940968815,-0.467394635539941,0.1228908623382024,0.1810802769398582,-0.47296716197563055,0.030886408860237836,0.19904081886921862,-0.3143094246293431,0.06274601687576684,0.08561281867053369,-0.6758717405952329,0.29339406056322875,-0.031026409444502884,-0.6851121098713533,-0.0176818898401487,0.14268814683273676,-0.22455175963859608,0.04117160985254314,0.26685675834465716,-0.9242879123406672,0.3387727370516397,0.17329713614457964,-0.9411983891471266,0.008546389531344546,0.10979106457037223,-0.20113070865688532,0.02843785513300245,0.2371301757372505,-0.9634323252294548,0.43230111107868757,0.08292664073614316,-0.996138563362949,-0.028015164003186252,0.0693464169854684,-0.04078680405001925,0.011657084992914759,0.06505592649454293,-0.1252934917586362,0.07615055218489819,0.1263107625231931,-0.09731701226574835,-0.03254345208926158,0.0,0.0,0.0,-0.0027751912778129426,-0.15220602982604772,0.13839296134714404,0.1606133702726611,-0.06063601095667973,-0.11315864226099713,-0.0933580400415254,-0.31417819739000336,0.15385140182521395,0.19512264531340145,-0.0388629776308817,-0.25704963985176854,-0.23665642863689867,-0.4345344824148867,0.12745501012729712,0.152644928025379,0.11337897223378611,-0.45401409061644254
0.2242373759854815,-0.3899735676588731,0.05388782676439438,0.2317469597008504,-0.4602837646802832,0.10704816951937933,0.23449361362041593,-0.4670284920459342,0.010657675427541957,0.24961960152443843,-0.29817533864066914,0.04747739590802569,0.11499485923194239,-0.6621984992073893,0.2950792948544295,-0.008700063656374973,-0.6589096654854537,-0.05781512706531933,0.18450220653474642,-0.20959776772371178,0.026452481869190875,0.31504139853447466,-0.9245826331202576,0.316105682464489,0.19284648687360653,-0.9296637691649459,-0.07324225327498084,0.1456429011083838,-0.18825739901162203,0.016556202974532246,0.27929939796413683,-0.9564152914012408,0.40885845786054936,0.10582508591843573,-0.9892740660152107,-0.09979275968713758,0.08143378329449046,-0.02519990217302846,0.0025439569074112755,0.08842961424637212,-0.11186007498802188,0.0687047588961016,0.15251031771047663,-0.07940043155342699,-0.04762012459901907,0.0,0.0,0.0,0.02075018735442804,-0.1404327244269964,0.12741354110382683,0.18181482120643935,-0.04089517348984702,-0.13018091405873536,-0.059619497780398364,-0.3012091369490632,0.13375439880242676,0.21970799472910524,-0.028381386143749597,-0.2719358003457398,-0.1924308213240155,-0.446804267452515,0.10499205100781545,0.17742695599300995,0.12005904514695995,-0.4695424989519106
0.2537025559156404,-0.38632454104064795,0.030670725536117445,0.26379499017469055,-0.4604759214816198,0.0797899763440422,0.2581862804402402,-0.46584885877868437,-0.016957395230805722,0.27970144210280923,-0.2938019716573224,0.0248628195389191,0.1502903825445789,-0.6606172640822192,0.28538233611912217,0.0027127180629975284,-0.6465201398293233,-0.07130853966196851,0.21018522763672093,-0.20297031604692942,0.009258129968545288,0.34314770685468354,-0.919825684554605,0.25793031151552576,0.1735494014578884,-0.9182878561677015,-0.16675571213987728,0.1678218791952439,-0.18192432564896635,0.002122339141326109,0.3355407267562885,-0.9540493778183736,0.34809442276120717,0.09256938477492213,-0.9792208965375694,-0.17957499321145187,0.08367727065925261,-0.01944831154395834,-0.009912630041610752,0.10312265718544569,-0.10395163026113753,0.06022662933482681,0.16338782982752348,-0.0740409264020419,-0.06886608092739403,0.0,0.0,0.0,0.036395233823081276,-0.12518228129739684,0.1281197871858311,0.19442787205568635,-0.03595510755726739,-0.1599203109714622,-0.022015628217741313,-0.28377310225442465,0.16664910018449713,0.25006250061673874,-0.045006141541801145,-0.2966609580759648,-0.14494079566201343,-0.4457757605859202,0.17071098935129708,0.20859754839538533,0.07072265932294743,-0.5005027684954867
0.2396925231395499,-0.39239029384782986,-0.0011786651222228197,0.26003228912723636,-0.46204312902688394,0.041214008261226315,0.2259273915146982,-0.46894097609538427,-0.04465405002018963,0.26583449518381697,-0.3039794036977008,-0.010648615535555288,0.16135664312554052,-0.6602026899952483,0.24956187466556173,0.015486633656290084,-0.6637207582561336,-0.06548564665252553,0.20555422333103462,-0.2090334295439982,-0.012965522156463308,0.31335600268084335,-0.92449949434723,0.17252629343404294,0.12059772160262475,-0.9170840900420367,-0.23584544908708427,0.16418472226008182,-0.1876785389599512,-0.014531900850388264,0.31439434312373443,-0.9556080691958541,0.26388044320959536,0.04237326077072334,-0.9714516600703963,-0.23315722160443694,0.07347371004946136,-0.02916125165507728,-0.028007299383238298,0.11068949589456645,-0.10240104619188697,0.0433180978430572,0.14187742519102378,-0.09158236988918092,-0.09266869983368628,0.0,0.0,0.0,0.06212538956793745,-0.09537969340755628,0.1288663356514946,0.15780966125511964,-0.06715790879174198,-0.19501787466912057,0.08319796060672224,-0.22977228597242846,0.24758159589087325,0.20888600214595393,-0.1416323740249138,-0.3451665418868038,-0.03263854749299437,-0.32337018448315025,0.34925129599344995,0.11970454056612131,-0.0999625313796414,-0.5282402478934504
0.17643839756797192,-0.39738647921606246,-0.04944394683422592,0.2162073105567276,-0.4517282391636445,-0.026233186918926732,0.14533483411440193,-0.4624235032027834,-0.0812044912519494,0.18633998301646623,-0.30956180301264236,-0.06263574054765879,0.16279151410838494,-0.6777333196425778,0.14878889181876997,-0.003955161109140477,-0.6961531491363352,-0.09334376948547413,0.14594352201110256,-0.2178423000413147,-0.04378769274200439,0.22815720394507583,-0.9440980038791926,0.04204994686464025,0.05273244357751071,-0.9064548628110513,-0.2886366994911936,0.11309079308356026,-0.19355577759580558,-0.03175010270325654,0.22360034138229845,-0.967191181494876,0.12688231558514784,-0.0050298094581316954,-0.9579090879691321,-0.2866131292269174,0.037026764097299325,-0.048421168255705895,-0.043298801674730124,0.10217373563294616,-0.10285988337337537,0.002051479594725311,0.05411832441603191,-0.12467764541837167,-0.0904223169673776,0.0,0.0,0.0,0.12232205861233342,-0.0609172225070054,0.0797584544851723,0.013817862901025789,-0.1390977278167004,-0.16194727580199733,0.2385876403580703,-0.12973516726872003,0.22073791916411606,0.034061506384087066,-0.29601560972923535,-0.24593526549709072,0.17235600672439438,-0.09168377299427984,0.367335313480776,-0.10167738416176239,-0.3857510671230758,-0.28218566060006267
0.11960404284215882,-0.3794234814643447,-0.07691911181488928,0.16487188408786338,-0.424563014413058,-0.07860794880698024,0.08415400994864612,-0.4372572400768092,-0.09253437609998424,0.11282154377317304,-0.29359111068091065,-0.08829044287924255,0.15405777938068232,-0.669287745580356,0.041973424954239474,-0.02039904602447766,-0.6897410108227536,-0.11777648316506933,0.08583342150324448,-0.20777593257023066,-0.06447390233859406,0.15067362643364637,-0.9296718243644679,-0.0341792677453416,-0.036190013577754795,-0.8760635495337985,-0.3140540680424615,0.06927126609990183,-0.18114410794925107,-0.0432952743252318,0.14920741509597735,-0.9627542585383224,0.03998831245425888,-0.0702104225579874,-0.9473172505847333,-0.31246919647816523,0.009216599356298667,-0.04757909597717464,-0.049430964586390756,0.08102617990602452,-0.09287793777887189,-0.05129510258308958,-0.009011839205685797,-0.1266454506304737,-0.05454640075740828,0.0,0.0,0.0,0.14835763608413213,-0.03271076847134256,-0.026824766020290474,-0.07377136087029586,-0.14439261813676177,-0.03379655510958924,0.29847962990063387,-0.08857774915616416,0.0657649699022303,-0.065111922608864,-0.29561828130271006,0.04001806362287104,0.2821622392284417,0.012465271909978478,0.22833086515253503,-0.10476911708498758,-0.31108637740113476,0.196830358560727
0.08310041455189594,-0.3677628747928086,-0.09627030187833545,0.1283019761538618,-0.41251086843945806,-0.1151027461140771,0.05188404086308798,-0.4251030620787387,-0.09851028719786785,0.07026065849932404,-0.2860325210639698,-0.10222133978235602,0.14311675095077828,-0.6556078373372779,-0.03849819660995754,-0.022716708574668724,-0.6703742275679486,-0.13948239770011345,0.04596578419014082,-0.1998475472840612,-0.07379087001784586,0.11945377024234004,-0.9195788610905734,-0.0777125767828112,-0.0795384854572292,-0.8598018460950163,-0.31266287666727294,0.04199459588627488,-0.17352976947148788,-0.054217437305198506,0.11702510074442678,-0.9588411864167142,-0.0009080894778045463,-0.12170116626410632,-0.9433338660717964,-0.30852884760671684,-0.006344634329723971,-0.042987806136483946,-0.04808520544913884,0.0492114456126626,-0.09294470173097258,-0.08095024969391976,-0.025289298326327914,-0.11551160160637503,-0.02741935987219019,0.0,0.0,0.0,0.11323566475581293,-0.03942203715335519,-0.1029316653693734,-0.04633222432526827,-0.1017889756374154,0.034546358360790085,0.2846049997922563,-0.08716873856071558,-0.06681199108308271,0.08861894074139431,-0.11809062494613476,0.13472221472605356,0.28768993636397205,0.047547463845497295,0.05765052741555942,0.16867952826928656,0.025746162962791155,0.18653523023729213
0.01816360361033302,-0.37550883548990416,-0.08213148961789161,0.05001334277190206,-0.423149100451703,-0.11302889229631248,-0.010578015501287128,-0.4319093934569921,-0.07467313459723553,0.00731350316238949,-0.29469201954183,-0.08149299519303398,0.0902635324857978,-0.6484409818548309,-0.04353539678259749,-0.07772023055496094,-0.6723647417573018,-0.1383577789684074,0.0010202781858705701,-0.20875935159811498,-0.05737458207572843,0.06103758775804256,-0.9205084412557453,-0.061761175977523404,-0.14952930453091048,-0.8540567199973688,-0.3169064564104828,0.008248161591990266,-0.17919399835450572,-0.03961239901925842,0.07915592801348609,-0.9561113122764983,0.0066029254468167745,-0.18182087838100944,-0.9357172748352698,-0.30220658392644456,-0.019731772458336412,-0.04570869364105425,-0.03381931994379391,0.010756623215672808,-0.10231547944712001,-0.07809450697556992,-0.034733230472457445,-0.11501803931500085,-0.0004515841856205507,0.0,0.0,0.0,0.05297700189569769,-0.054586199409278724,-0.12471466956764808,-0.02346485281402745,-0.08166838183471413,0.06776315237399784,0.2074642508767474,-0.07715321335672364,-0.14260168741400717,0.166113694610543,-0.011881210538727115,0.13096625767829703,0.19915166081374078,0.0753198141906671,-0.09793351371725267,0.21270285382122653,0.15420164058156935,0.0005740011284099608
-0.019085334709990374,-0.38611902344663285,-0.0666830245546691,0.006909486016013733,-0.4367297789641185,-0.09769914577023248,-0.04711148033728885,-0.444697496343543,-0.052306269503178335,-0.028476644805175734,-0.30327601142589805,-0.06895791153426369,0.07365478516099852,-0.6507094682196773,0.0008440141678676405,-0.11512777278962166,-0.6913447082858815,-0.08904865883288969,-0.022281069020995244,-0.21453067390738695,-0.050697640310986225,0.036101205761592786,-0.923504066700127,-0.04994886639012347,-0.19864084283615224,-0.8590402236462958,-0.29788434518845125,-0.008921590205881343,-0.18446141140379402,-0.03508709892502142,0.06147265655406815,-0.958104706813629,0.026931917200305196,-0.22048388195172372,-0.9376716545302601,-0.26848248424445276,-0.02558998155777005,-0.04501703340476773,-0.02922670052859575,-0.010143589038826728,-0.10364834452397902,-0.07702884151491893,-0.03758679004816973,-0.11663981733769073,0.007807845395308828,0.0,0.0,0.0,0.017063422704790998,-0.06224380882514567,-0.13713950097041472,-0.015554531520782712,-0.09633848118815447,0.07588232306790871,0.14256288292076036,-0.10550084290623929,-0.18666195787456288,0.16237389607971195,-0.08676344186484805,0.13004237848523537,0.17215681485632708,0.0367422150622508,-0.14553088212186654,0.20407882156153556,0.06907620402228143,-0.03756356756917868
-0.04404733461454547,-0.3840844769318596,-0.06341794615137308,-0.015044702349188775,-0.43424093977055556,-0.0915528944001828,-0.0743241007315504,-0.4434157160807968,-0.045575624941747564,-0.055506102068515646,-0.3011222316021933,-0.07058558026359955,0.05942974494785661,-0.6498538640165128,0.019382769818792143,-0.14081637296497357,-0.6881062009570297,-0.05587187114731004,-0.04143168963558327,-0.2143563123635303,-0.050428528003825204,0.027475292529113148,-0.9218503511467215,-0.04050382640337,-0.23529180049194262,-0.8447276902888754,-0.27886908862005444,-0.023978980709358874,-0.1876286204362632,-0.03501319030522602,0.05478493190750433,-0.9570183307095599,0.04504118561463599,-0.2497101987237427,-0.9342914378203903,-0.25443866127216896,-0.029794532754967303,-0.04722665669912876,-0.026338240931614673,-0.020353439170122934,-0.10590541143202198,-0.07683070100066786,-0.047292714908447504,-0.11859603910110737,0.011776925074565564,0.0,0.0,0.0,0.010965399711387781,-0.08180808561796568,-0.14222077236601563,-0.024859368908926767,-0.1219262596378911,0.0858172741233388,0.08970503415132124,-0.19295203037150735,-0.2013534219204704,0.11024938533151794,-0.2313844589418051,0.13615687637373694,0.20672725568422037,-0.1525941897572608,-0.10916958612899784,0.19728802180498484,-0.13373223216514774,0.0359331081011879
-0.07581290949658111,-0.37800108847186814,-0.08589627828685487,-0.044703942935666346,-0.4307431648112428,-0.11359945518035319,-0.11451910471438352,-0.4364757591877021,-0.0689072617061672,-0.08517474889680182,-0.29324462567780973,-0.09590571084857445,0.027630800391058825,-0.6517591047871898,0.007401754776547182,-0.18297920692523437,-0.6737889793797441,-0.047093135688054455,-0.059433256595529095,-0.20829443704542575,-0.06610970134784179,-0.007389787543281852,-0.9231359876680542,-0.053504922681191565,-0.270452675593563,-0.837829433733202,-0.27080188731375593,-0.0404062665958714,-0.18521276916234594,-0.04639914257010018,0.021447087234791672,-0.9539253215082559,0.03214277915339588,-0.28644169413782145,-0.9262072449385236,-0.24511394199220984,-0.031514436207505964,-0.04522443414619178,-0.028854005164062075,-0.017283105707423047,-0.1028444650202619,-0.08218775346476165,-0.06573225372788366,-0.11524607991431586,0.0025672933642805693,0.0,0.0,0.0,0.03224600392278641,-0.09558232354557282,-0.1467534477296013,-0.07124871989619051,-0.13441619438942487,0.0806777224464414,0.06631299780504901,-0.24219667530537065,-0.2118868690204733,-0.030722862584171087,-0.29072555920891363,0.10397902877281662,0.19473803977183532,-0.31306420315612,-0.07653625485728771,0.09861808645739606,-0.36880078849681625,0.08599872738565247
-0.07449811131918348,-0.374290470386136,-0.1195161847523562,-0.03959528523813188,-0.4286375230354965,-0.14404716112834956,-0.11799599761998124,-0.43177192572871415,-0.11231070338094529,-0.08013266418159674,-0.2872986750225148,-0.1325427476209166,0.01783220725930109,-0.6607935849384452,-0.025594414544066992,-0.2058166231348031,-0.6664929476538389,-0.0723448815770447,-0.05601852319645673,-0.20605265643347323,-0.08892227736689046,-0.01775947420691628,-0.9316914473246846,-0.0745743160725952,-0.24772097793697076,-0.8535812062112875,-0.28142107071712114,-0.04119015942583684,-0.18327838571071692,-0.06466789140055042,0.016945267873816294,-0.9542446183814546,0.008491005564973599,-0.27800916971055767,-0.9278801173579141,-0.24848906469197993,-0.02802913991997448,-0.042900841840401494,-0.03573725816607766,-0.0031946000814013116,-0.10322095003866756,-0.08569963929744409,-0.0731887988531032,-0.10966072667168617,-0.0188696380010275,0.0,0.0,0.0,0.060059744415571374,-0.10820709350621643,-0.13872034292389596,-0.1102845001719522,-0.13160877991131198,0.04873131030132256,0.07788250310959663,-0.2571091395344783,-0.2170573250382821,-0.12739044429299592,-0.2995044862151313,0.053891562416005415,0.14181880797993174,-0.3533402914572986,-0.08251021987695044,0.00015639112573038322,-0.42301845726680626,0.06006131558670574
-0.059062711490634606,-0.37529362380888986,-0.12264234929113552,-0.021129619845538863,-0.42825746914997387,-0.1401823278681219,-0.10187233340875,-0.43183107876421867,-0.12483228924782913,-0.06085689884311466,-0.2886776094468649,-0.13724921187218445,0.019297928731693975,-0.6668305674292112,-0.03176413207824642,-0.18775485931775965,-0.6737317229198316,-0.10567067750841018,-0.04467403353353944,-0.2090425929126227,-0.09664470206598536,-0.00511870372820236,-0.9386405570201501,-0.075380795069695,-0.19581277539252442,-0.8759610584697547,-0.2779044516512218,-0.03429034880592549,-0.18419008963551384,-0.07011793147621774,0.02355313884772242,-0.9643596372780394,0.005106856887133944,-0.24814830000567611,-0.9398162001975442,-0.2348614205450533,-0.021209760387587658,-0.04405259647074817,-0.04057294158990242,0.012857479074421689,-0.10833265668745086,-0.08164719278365448,-0.07262609084428111,-0.10706037075267959,-0.03546068328548361,0.0,0.0,0.0,0.08551435060805981,-0.12065133577786737,-0.11687683770775718,-0.13083603118813036,-0.12226076475271104,0.021457785406155214,0.10053649844426048,-0.26986241695204405,-0.19359548276936062,-0.1719534482459526,-0.28268194933802626,0.025953149536331092,0.11861133054159916,-0.3613520547622892,-0.05324086912052286,-0.03839080008105168,-0.3998564087756444,0.06391435641897888
-0.0455303925568216,-0.3735190740125201,-0.1236314090679764,-0.0082864147010808,-0.4285006473975726,-0.1352455299227804,-0.0880112732039602,-0.4311515143031054,-0.1312106087636149,-0.044165623355673,-0.2902155000338421,-0.1400516110547633,0.03486288573428,-0.6627677038378326,-0.0221630975697308,-0.1773131921650621,-0.6764161156850066,-0.1208648226859935,-0.0356486910913728,-0.2086390081900889,-0.1022440018551263,0.0125442951487391,-0.9329016008467684,-0.0671244770292925,-0.1722806834453612,-0.8861588479358822,-0.2840556304669367,-0.0297910674420402,-0.1830791480114771,-0.0757598386242111,0.0424563342501693,-0.9614144563843894,0.0110015171258482,-0.2243086924740129,-0.945090048495004,-0.2376771144143027,-0.0178044093691024,-0.0433397362386666,-0.0437540334809014,0.0208151810308362,-0.1086515407065136,-0.0781443349140812,-0.0717605964481316,-0.1036246008974554,-0.0499586100137757,0.0,0.0,0.0,0.0975960882557333,-0.1279267772494864,-0.0925932995884119,-0.1358127887804681,-0.1195186383335232,-0.0077067441092583,0.1156877382402889,-0.2769740571089588,-0.1493787249301446,-0.1733338776584175,-0.2691158726588152,-0.016758265619414396,0.0962639668750271,-0.3422769159823891,-0.007250083620615799,-0.0673317681124366,-0.3717606724811957,0.0726052058369932
