image_name,x_0,y_0,z_0,x_1,y_1,z_1,x_2,y_2,z_2,x_3,y_3,z_3,x_4,y_4,z_4,x_5,y_5,z_5,x_6,y_6,z_6,x_7,y_7,z_7,x_8,y_8,z_8,x_9,y_9,z_9,x_10,y_10,z_10,x_11,y_11,z_11,x_12,y_12,z_12,x_13,y_13,z_13,x_14,y_14,z_14,x_15,y_15,z_15,x_16,y_16,z_16,x_17,y_17,z_17,x_18,y_18,z_18,x_19,y_19,z_19,x_20,y_20,z_20,x_21,y_21,z_21
frame_0000.jpg,0.0,0.9447861,0.0,0.05616647,0.86185145,-0.0056889574,-0.06170282,0.8599976,-0.025110772,0.0032753327,1.071872,-0.03833477,0.10275623,0.47181928,-0.029378481,-0.119267195,0.473794,-0.07449564,-0.0049135704,1.2133694,-0.02203003,0.07048218,0.048941318,-0.11127229,-0.08107497,0.053338338,-0.12873237,-0.0026252242,1.2713383,-0.016606718,0.09125617,0.007631384,0.02656673,-0.14293005,0.010934792,-0.00038165972,0.011733769,1.4889743,-0.042745605,0.07423662,1.3828254,-0.03790672,-0.07341927,1.3945204,-0.035228834,0.0055933804,1.5829122,0.004438117,0.19772525,1.3398135,-0.042983927,-0.18641996,1.3542826,-0.053862564,0.21813671,1.0862039,-0.06876636,-0.197917,1.0905752,-0.093093336,0.27024963,0.8478821,0.04233767,-0.24811165,0.850824,0.017810702
frame_0001.jpg,-0.00010579719,0.9442761,0.00021161484,0.05560811,0.8606394,-0.004376243,-0.06328484,0.86230135,-0.027509157,0.005756123,1.0732627,-0.037376925,0.10047921,0.46792597,-0.03033878,-0.12471348,0.47555408,-0.07867079,-0.004782994,1.2140557,-0.024023734,0.07195456,0.046866972,-0.1142865,-0.0846971,0.056325693,-0.12280478,-0.00095841824,1.272848,-0.018619642,0.09252424,0.007362947,0.029418046,-0.14698245,0.012836285,0.0077811773,0.010958233,1.4900861,-0.045158576,0.07382118,1.3855116,-0.039001357,-0.07404238,1.3944149,-0.036272768,0.0066242125,1.58551,0.002676569,0.19724041,1.3411324,-0.045907665,-0.18572876,1.3531088,-0.056432754,0.2125807,1.0860456,-0.06606034,-0.19585206,1.0869961,-0.091565035,0.26313803,0.84109336,0.043253575,-0.25176725,0.8495719,0.023340916
frame_0002.jpg,-8.451275e-05,0.94464076,0.00044006505,0.054796904,0.85967183,-0.0021226448,-0.062806696,0.86143315,-0.027607827,0.0067278827,1.0725386,-0.037684575,0.10100319,0.46674255,-0.025390323,-0.124272555,0.47428134,-0.07917914,-0.0036678738,1.2140326,-0.024741398,0.07333332,0.04753098,-0.109457746,-0.08120215,0.057181116,-0.12271067,-0.00047423464,1.2723637,-0.018548395,0.09251637,0.009078279,0.032746542,-0.14532578,0.013941303,0.0061584115,0.010989836,1.4903358,-0.044080023,0.07386018,1.3859046,-0.037029874,-0.07315058,1.3944604,-0.036826264,0.005065181,1.5841901,0.0032417928,0.19685824,1.3420836,-0.042012434,-0.18438168,1.3534744,-0.058553815,0.21467477,1.0879736,-0.063559525,-0.19640593,1.0901321,-0.09709534,0.26548013,0.84964645,0.047290802,-0.25265768,0.85419774,0.016539803
frame_0003.jpg,-0.00021723336,0.94440097,0.0009302512,0.053820856,0.8592454,-0.0019856687,-0.062853865,0.8621472,-0.02883372,0.006725458,1.07294,-0.03574641,0.10108997,0.46536234,-0.02649702,-0.12246305,0.47600147,-0.08377704,-0.004356815,1.2148318,-0.023059428,0.06980211,0.044502296,-0.10990635,-0.07698652,0.05509506,-0.12251717,-0.0006953446,1.2731806,-0.01777011,0.08797096,0.0066200607,0.03221633,-0.14211054,0.012789965,0.0044883983,0.011516133,1.4910102,-0.044490118,0.073601715,1.3869022,-0.037477616,-0.07335326,1.3954822,-0.036374856,0.00553384,1.5853359,0.0018698337,0.19712318,1.341254,-0.041515164,-0.1846527,1.3530442,-0.057080407,0.21279727,1.0859666,-0.062845305,-0.19515957,1.089737,-0.09807748,0.26453838,0.84843516,0.049274683,-0.25026837,0.8533597,0.019640723
frame_0004.jpg,-0.00032613982,0.9443638,0.0013922,0.053465817,0.85881615,-0.0002171424,-0.06336364,0.8621703,-0.028368618,0.007578077,1.0728849,-0.03560124,0.10080644,0.4653871,-0.022464005,-0.12372203,0.4760296,-0.0837905,-0.0039756554,1.2147582,-0.02388238,0.068213806,0.045408323,-0.10791279,-0.07564669,0.05576028,-0.12344855,-0.00016905332,1.2730231,-0.018133832,0.087311946,0.006657984,0.033336468,-0.14126712,0.012741864,0.0031307316,0.012357537,1.490765,-0.044553325,0.07428631,1.3867211,-0.037156537,-0.07265135,1.3952848,-0.037255716,0.0064754016,1.5843607,0.0030240656,0.19852158,1.3425034,-0.03995338,-0.18479562,1.3551102,-0.057588372,0.21353586,1.0884962,-0.062017858,-0.19676167,1.0932947,-0.09812794,0.26278043,0.85042536,0.051306263,-0.249879,0.85649496,0.021321662
frame_0005.jpg,-0.00041720236,0.94476795,0.0021782767,0.0535154,0.8593955,0.001009774,-0.0629905,0.86249954,-0.027664393,0.0068376074,1.0733478,-0.035289947,0.10005452,0.4659896,-0.019265939,-0.12245987,0.4764071,-0.08444761,-0.0053738705,1.2152494,-0.023024347,0.065846086,0.045951165,-0.10791532,-0.07296141,0.056250073,-0.12376409,-0.0011535216,1.273384,-0.016849292,0.08509628,0.0071388558,0.033596225,-0.1394026,0.01310749,0.0034350338,0.012758239,1.4909229,-0.04169494,0.07371046,1.3867891,-0.03538037,-0.073074855,1.3959495,-0.034849234,0.007043098,1.5833871,0.008093548,0.19827949,1.3414456,-0.036694895,-0.1859206,1.355693,-0.053598132,0.21301326,1.0874765,-0.05958229,-0.19843623,1.094401,-0.093931936,0.26140785,0.8481481,0.05466498,-0.24786505,0.8562181,0.027780226
frame_0006.jpg,-0.00034753833,0.94521564,0.0030896536,0.053723957,0.8597711,0.0022818223,-0.06245749,0.8625698,-0.02666101,0.006552871,1.0737716,-0.03473658,0.09943312,0.46630007,-0.016973576,-0.12098218,0.4758387,-0.083471514,-0.0061142747,1.2155344,-0.021676535,0.06499481,0.047532983,-0.10869011,-0.06980002,0.056278016,-0.123512164,-0.002149259,1.2736126,-0.015170962,0.08275948,0.008724041,0.032290746,-0.13652454,0.013167955,0.0036660933,0.01180937,1.4911511,-0.03898941,0.07278283,1.3869911,-0.033149943,-0.07398472,1.3963299,-0.0326223,0.0056832694,1.5826988,0.011385659,0.1966124,1.341248,-0.03478931,-0.1863522,1.3556668,-0.051573496,0.2129263,1.0877752,-0.059133142,-0.20036043,1.0948951,-0.092596285,0.2588664,0.8484184,0.05461445,-0.24764082,0.85655,0.02774308
frame_0007.jpg,-0.00029420925,0.94627315,0.004475382,0.053688943,0.86066127,0.0031081405,-0.06241346,0.8634888,-0.024629869,0.0067636846,1.0749087,-0.033662166,0.09857088,0.46705556,-0.0141918445,-0.119684175,0.4758,-0.08122828,-0.004547289,1.2164869,-0.019662082,0.060423728,0.05032165,-0.109588295,-0.06608752,0.05684045,-0.12261015,-0.00071412633,1.2742925,-0.012756317,0.07884237,0.010999065,0.03135316,-0.13262519,0.012518406,0.004713606,0.013248649,1.4920249,-0.034844793,0.07462879,1.3876661,-0.029778749,-0.07254964,1.3972216,-0.02927024,0.0073993155,1.5829144,0.016595304,0.1991374,1.3416439,-0.03154241,-0.18576446,1.3569257,-0.046849784,0.21264598,1.0877033,-0.056026757,-0.19913788,1.095478,-0.08594865,0.2556668,0.8473398,0.05956972,-0.24260426,0.85642946,0.03612851
frame_0008.jpg,0.00013754424,0.9465807,0.00639273,0.05392329,0.8609892,0.0051661977,-0.06220503,0.86393815,-0.023043599,0.007929493,1.0755112,-0.031527832,0.097835444,0.46694833,-0.011912046,-0.11991695,0.47515604,-0.079397835,-0.002998039,1.2169027,-0.017089076,0.060179804,0.050521113,-0.10919331,-0.0674873,0.05710619,-0.122459024,0.00076440256,1.2746868,-0.009976657,0.07864717,0.01142031,0.032672796,-0.13302802,0.012457717,0.005349729,0.014119148,1.4924777,-0.031336427,0.07589426,1.3881466,-0.026221042,-0.07123203,1.3975396,-0.026235523,0.008448392,1.5832319,0.020133149,0.19960006,1.3416266,-0.028475432,-0.18400073,1.3566766,-0.04368323,0.21194601,1.0869792,-0.050717425,-0.19881848,1.0943885,-0.079935625,0.2534856,0.84518397,0.065841034,-0.24047658,0.8538368,0.042069174
frame_0009.jpg,0.0010621527,0.9460889,0.009173332,0.054833114,0.86053985,0.008160319,-0.06168473,0.863652,-0.020743232,0.009225994,1.0751529,-0.028558543,0.09618268,0.46528512,-0.011048323,-0.11850165,0.47462836,-0.08049074,-0.0022546917,1.2166771,-0.013452381,0.056808196,0.049623758,-0.11375358,-0.06886968,0.056883316,-0.1285544,0.0015300649,1.2744162,-0.0059475657,0.07558639,0.011060547,0.0292674,-0.13344483,0.012744013,0.0012265993,0.0155033935,1.4924676,-0.027255936,0.07686115,1.3878932,-0.021710109,-0.07017246,1.3976434,-0.022234904,0.010031351,1.5838889,0.023888003,0.20035999,1.3411216,-0.024329433,-0.18295215,1.3575915,-0.040852092,0.21137556,1.0870478,-0.04628332,-0.19832537,1.0958863,-0.078465804,0.2541275,0.84649396,0.07213739,-0.24155135,0.85563093,0.04411956
frame_0010.jpg,0.0027119187,0.9453294,0.013224112,0.056273934,0.85953164,0.012082122,-0.060954448,0.86309457,-0.0170802,0.0114116,1.0743555,-0.024359973,0.09414342,0.46277913,-0.007916393,-0.116860814,0.47292688,-0.076392375,-0.00016167341,1.2155504,-0.008117473,0.052640464,0.048266824,-0.115116954,-0.06381383,0.056685958,-0.13241489,0.004063872,1.2729794,-0.00018213876,0.07208137,0.00968482,0.028302103,-0.1300556,0.012315303,-0.002216977,0.018534722,1.4911551,-0.02003623,0.07959436,1.386579,-0.015621712,-0.06761832,1.3964291,-0.015244355,0.013170892,1.5826192,0.031553373,0.20373954,1.3403274,-0.018177612,-0.18114261,1.3572233,-0.033639222,0.2139797,1.0866492,-0.041156925,-0.19570242,1.096278,-0.07578957,0.25614256,0.8449328,0.07747331,-0.23949862,0.85540295,0.046612933
frame_0011.jpg,0.0053706043,0.9439391,0.018720053,0.059575956,0.8585433,0.018035797,-0.05857261,0.8622053,-0.011361945,0.014011357,1.0728749,-0.019946307,0.09435292,0.46110538,-0.005965106,-0.11180743,0.4711223,-0.065817945,0.0018601273,1.213798,-0.0028818361,0.056223568,0.04625336,-0.11832509,-0.060826946,0.057427023,-0.13117695,0.0062394044,1.2712213,0.005225012,0.07467626,0.0084551275,0.024241202,-0.1302658,0.013570532,-0.0010039881,0.02036013,1.4894142,-0.015252087,0.08182158,1.3848556,-0.01014521,-0.06604015,1.3943378,-0.009339238,0.014341205,1.5794425,0.038427748,0.20565508,1.3380816,-0.012732804,-0.1795716,1.3556283,-0.026428305,0.2190797,1.0852311,-0.035873808,-0.19552842,1.094897,-0.06954927,0.2622369,0.8443944,0.084799044,-0.24179065,0.8559337,0.055900265
frame_0012.jpg,0.008748663,0.9436071,0.025137158,0.063842155,0.85837406,0.02389818,-0.054897513,0.86129063,-0.0038448758,0.016911527,1.0725487,-0.013391139,0.09569227,0.46050933,-0.0048419815,-0.108129896,0.47075006,-0.03866499,0.004854775,1.2127371,0.005044423,0.057565216,0.048366293,-0.1207166,-0.059329685,0.059293848,-0.11854653,0.009150145,1.2698326,0.013842749,0.07544575,0.010900483,0.02254155,-0.13069528,0.015687183,0.010347669,0.022066668,1.4875612,-0.0062499214,0.08451428,1.3834469,-0.00069380924,-0.06378573,1.392323,-0.0010262821,0.015560828,1.5785402,0.047212332,0.20869328,1.3370762,-0.0012952369,-0.17721182,1.3535522,-0.017096391,0.22576259,1.0849282,-0.024538847,-0.1942171,1.0917603,-0.0602585,0.26945418,0.843646,0.09592905,-0.24437077,0.85430354,0.06362075
frame_0013.jpg,0.011895926,0.9419354,0.03181941,0.06697258,0.85682213,0.030502517,-0.051496685,0.85887516,0.0037327334,0.019655457,1.0703914,-0.007682331,0.09584804,0.46066722,-0.005273912,-0.10874868,0.4714065,-0.0020988397,0.008740125,1.2095096,0.01421416,0.061529987,0.048038565,-0.12178113,-0.063779086,0.06438745,-0.11320416,0.012547287,1.2663943,0.023355499,0.07734771,0.012108341,0.021541057,-0.13880616,0.01824064,0.009902118,0.026334364,1.484829,0.0050409753,0.089158155,1.3801153,0.011769284,-0.059666015,1.3894248,0.007736549,0.019102864,1.5745546,0.059891313,0.21242426,1.3342752,0.012341684,-0.17317523,1.3528384,-0.0112066865,0.23070478,1.0818542,-0.010159764,-0.1919444,1.0910391,-0.05428922,0.27222744,0.8417033,0.10957279,-0.25192565,0.857373,0.068170205
frame_0014.jpg,0.014254176,0.9387371,0.039726257,0.06976745,0.8534587,0.038780443,-0.049433768,0.85470545,0.013272144,0.022424042,1.0661689,-0.0005520694,0.09923816,0.45831504,-0.0061964616,-0.10978768,0.47032097,0.043581925,0.012969237,1.2057173,0.023388563,0.065983266,0.04759306,-0.12496513,-0.063032076,0.0775208,-0.10196768,0.016535146,1.2618263,0.034081385,0.08261575,0.010119569,0.020372232,-0.13585454,0.023317834,0.021067759,0.031343542,1.4804472,0.020432822,0.09316437,1.3752766,0.026488781,-0.05434168,1.3862284,0.018932642,0.022322511,1.5667447,0.07695684,0.21518642,1.3325921,0.031580538,-0.16822112,1.3512238,-0.0030975714,0.23874998,1.0812229,0.0070049465,-0.18841934,1.0909017,-0.05082708,0.27357015,0.8405475,0.12520479,-0.25595337,0.85656464,0.068010926
frame_0015.jpg,0.015745964,0.9363333,0.050263066,0.07147719,0.85259455,0.05070316,-0.04839922,0.8530709,0.021509342,0.025131376,1.0656483,0.008767955,0.097495005,0.45796233,-0.008672185,-0.113026604,0.47659615,0.09295878,0.016656728,1.2037504,0.036048368,0.066627145,0.04864834,-0.12784123,-0.05609638,0.08798829,-0.057603274,0.019294,1.2601914,0.04583466,0.08159922,0.011031508,0.018289968,-0.13321559,0.030662222,0.056786425,0.037141066,1.478682,0.039151963,0.09846836,1.3719176,0.046687733,-0.049267653,1.3855146,0.0316092,0.024861485,1.5569515,0.0973118,0.22030519,1.3252497,0.059194174,-0.16205564,1.3516195,0.005068958,0.2393837,1.0751028,0.033867996,-0.18033552,1.0899049,-0.04474136,0.27249616,0.8340486,0.15210572,-0.25936714,0.8572369,0.06721051
frame_0016.jpg,0.01593667,0.93320584,0.06528922,0.07203327,0.8492615,0.06603765,-0.04949741,0.8493471,0.036951285,0.0261074,1.0622548,0.024452016,0.0990141,0.456055,-0.005206637,-0.12131633,0.4810328,0.1384775,0.018687982,1.2008941,0.052684814,0.06312291,0.049995758,-0.13191712,-0.054565527,0.08759348,0.00087724626,0.021180537,1.2564821,0.064137466,0.07823634,0.010618746,0.012480203,-0.13582857,0.03462065,0.116092995,0.041251592,1.4761797,0.06356295,0.10085382,1.3682255,0.07046988,-0.04577168,1.3856279,0.049078356,0.024516571,1.5527608,0.12309096,0.22171256,1.319298,0.092462935,-0.15792716,1.3495533,0.019198745,0.24403192,1.0678884,0.06857253,-0.17196329,1.0868754,-0.038541846,0.27361324,0.8287699,0.19003823,-0.25673106,0.8493999,0.06865839
frame_0017.jpg,0.014138486,0.9304599,0.08475987,0.06974805,0.84762144,0.08628223,-0.051298317,0.84727705,0.05699995,0.024525132,1.0593815,0.043471172,0.1014303,0.4555953,-0.00031593442,-0.13052003,0.48569667,0.17317566,0.019309603,1.1970588,0.073866926,0.070498735,0.052831564,-0.1257039,-0.061516184,0.077273905,0.079641975,0.021205464,1.2527031,0.0861953,0.08228673,0.0110457465,0.016460426,-0.14542589,0.030901534,0.19276193,0.04369794,1.4715575,0.08874664,0.10241352,1.3625295,0.097284384,-0.0434299,1.3819987,0.06946899,0.026152354,1.5452415,0.14898676,0.22144762,1.3132747,0.12579484,-0.15400721,1.3485155,0.033510305,0.2439359,1.064057,0.10847123,-0.16872515,1.0926114,-0.03167291,0.2663299,0.82886225,0.23444751,-0.26040512,0.8507947,0.06613581
frame_0018.jpg,0.010541986,0.9251989,0.10787045,0.0663213,0.8421789,0.10862979,-0.05545285,0.84144276,0.08172661,0.020076577,1.0540562,0.06687686,0.10377055,0.4524882,0.0051647425,-0.1388332,0.48416775,0.21108204,0.016432213,1.1909688,0.099000946,0.07790215,0.05248867,-0.12503472,-0.086339146,0.06333308,0.18558615,0.018048333,1.2467942,0.11260207,0.08982557,0.008993026,0.015979312,-0.16587171,0.032682024,0.30474502,0.04090591,1.4655873,0.11737196,0.0988184,1.3566856,0.1264812,-0.044979807,1.3757523,0.09491669,0.023625325,1.5394682,0.17728588,0.21773966,1.306343,0.16075759,-0.15465355,1.3439316,0.0563699,0.2383583,1.0565659,0.14927113,-0.16622704,1.0913942,-0.01901143,0.25369307,0.82576776,0.28252187,-0.25889403,0.8461881,0.067145415
frame_0019.jpg,0.005572816,0.91785336,0.13508654,0.06362657,0.83699286,0.13406175,-0.059348468,0.83352214,0.1103124,0.012191249,1.0470777,0.09384834,0.10344245,0.44870794,0.0146833435,-0.14422603,0.47707152,0.24759772,0.010076286,1.1833527,0.12780574,0.07621634,0.054518502,-0.11878216,-0.1132725,0.061425842,0.2978446,0.009883478,1.2389998,0.14237094,0.08750812,0.009812396,0.021257259,-0.19117239,0.049497932,0.42156845,0.029358465,1.4578594,0.14952154,0.08980695,1.3500067,0.15943262,-0.054286636,1.3669001,0.123788126,0.010983886,1.5339898,0.20954391,0.20636103,1.3009498,0.19793919,-0.162239,1.3333795,0.08073918,0.23111881,1.052607,0.1963426,-0.17149912,1.0870613,-0.0032204539,0.23102747,0.8278502,0.34154665,-0.26961333,0.8374867,0.06638842
frame_0020.jpg,-0.0015144442,0.90921545,0.16708376,0.057698656,0.8286908,0.16471174,-0.066580705,0.8238784,0.14426184,0.003717719,1.0370864,0.12581694,0.097664766,0.44468766,0.03380145,-0.15865672,0.47167283,0.2812202,0.0012407642,1.1722254,0.16247617,0.074575655,0.054371405,-0.113313004,-0.13707486,0.059145097,0.3904348,-0.0006442,1.2277644,0.17741042,0.08592738,0.009066407,0.025697798,-0.21530466,0.06605615,0.5169989,0.017164106,1.4468918,0.18427272,0.07852532,1.3396795,0.19493072,-0.06491725,1.3553389,0.15708342,-0.00021469139,1.5249932,0.24442075,0.19488695,1.2932017,0.23702021,-0.17151023,1.3216819,0.11047888,0.22291544,1.0462722,0.24840365,-0.17842449,1.0807598,0.015995935,0.21102014,0.8314767,0.40730193,-0.27647746,0.8263072,0.065904014
frame_0021.jpg,-0.011699062,0.9016047,0.20451607,0.046770904,0.81974614,0.2002856,-0.075973615,0.81594205,0.18353659,-0.0067156134,1.028117,0.16387936,0.08923614,0.4394617,0.05875136,-0.17139472,0.46690583,0.31759885,-0.010912583,1.1630548,0.20152675,0.07005021,0.060237043,-0.104962245,-0.14485236,0.05622942,0.4516547,-0.012727977,1.2186221,0.21729074,0.08321078,0.007563945,0.03159851,-0.2311788,0.05966754,0.57798773,0.0042835847,1.4379814,0.22532493,0.06542049,1.3311317,0.2344882,-0.07713215,1.3452966,0.19819073,-0.012719845,1.5172613,0.28570104,0.1828303,1.2868634,0.27947333,-0.18244576,1.3108115,0.14900059,0.21672529,1.0406604,0.3027876,-0.18452196,1.0734987,0.043528765,0.19672412,0.83737373,0.47165877,-0.2861007,0.8167415,0.07704188
frame_0022.jpg,-0.024805417,0.8989899,0.2487836,0.031597838,0.8156495,0.24264707,-0.09010335,0.8131936,0.2288991,-0.02077575,1.0255586,0.20831238,0.084839284,0.43690956,0.0924838,-0.174587,0.46345958,0.3596217,-0.026814483,1.1606082,0.24640636,0.0737608,0.07466188,-0.10784881,-0.13492069,0.048685767,0.46949884,-0.029418651,1.2159486,0.26187038,0.089048944,0.010368459,0.025402188,-0.21917632,0.036024645,0.5948777,-0.01614409,1.4358605,0.2712102,0.046473093,1.3304187,0.27869177,-0.095672935,1.340952,0.24360484,-0.03235614,1.5149239,0.33429158,0.16521788,1.2900596,0.32282552,-0.20012979,1.3053335,0.19360879,0.20431358,1.045083,0.34515882,-0.19798729,1.0711915,0.080682755,0.18260224,0.84784365,0.51886535,-0.2962092,0.813383,0.1021712
frame_0023.jpg,-0.039937753,0.90672976,0.2978375,0.015557002,0.8229147,0.29151604,-0.10653548,0.82146525,0.27823538,-0.035238914,1.0341021,0.2560661,0.07489681,0.44025272,0.15463807,-0.18980081,0.47078812,0.39949945,-0.04222925,1.1683092,0.2954761,0.07500218,0.103228666,-0.09271383,-0.14433526,0.04375319,0.4713281,-0.04611683,1.2240928,0.31250468,0.09180316,0.01887778,0.023780882,-0.21984258,0.0143182315,0.5976758,-0.038494382,1.4439634,0.32290387,0.026924353,1.3394542,0.33027613,-0.11514458,1.347555,0.29368368,-0.05506718,1.5185777,0.38673428,0.148369,1.3052762,0.3744874,-0.22080503,1.3150827,0.24487889,0.19309452,1.060928,0.39126852,-0.21244848,1.0817317,0.13087001,0.17848496,0.8594863,0.5640121,-0.30503768,0.8226665,0.14957838
frame_0024.jpg,-0.054844067,0.9173144,0.3466083,-0.0012647323,0.83189845,0.34291664,-0.12362759,0.83326876,0.32630914,-0.047479223,1.0448216,0.30229896,0.05908154,0.44394818,0.24038287,-0.20055325,0.47610545,0.43090007,-0.060039077,1.1777611,0.34354132,0.07503465,0.1417448,-0.045713603,-0.13620596,0.04475689,0.48019338,-0.06458111,1.2333673,0.36046183,0.09369606,0.041422114,0.042830944,-0.21188167,0.0075236447,0.6064913,-0.06432439,1.4523383,0.3716225,0.0046921633,1.3513329,0.37878704,-0.13894147,1.3542501,0.34341434,-0.07933548,1.5271581,0.43552125,0.12694347,1.3207605,0.41801,-0.24625777,1.3198527,0.29443023,0.17663871,1.078035,0.42558706,-0.23432766,1.088584,0.18166125,0.17136584,0.87225205,0.58756727,-0.3204047,0.828639,0.20248766
frame_0025.jpg,-0.06756693,0.9309123,0.393098,-0.013717197,0.8462287,0.3931458,-0.1347892,0.8474319,0.37064022,-0.058240093,1.058837,0.34744832,0.03721395,0.44865486,0.3386627,-0.2020809,0.47788626,0.4431285,-0.073025554,1.1925598,0.38802767,0.06547174,0.16784501,0.03290835,-0.13014743,0.045444883,0.4800141,-0.07841183,1.2477266,0.40394908,0.09532991,0.06277027,0.10309678,-0.20779891,0.0025066137,0.60314846,-0.086391136,1.4668849,0.41261756,-0.013427585,1.3688679,0.4205478,-0.15737608,1.3662144,0.38596562,-0.10195996,1.5417585,0.47565442,0.1107215,1.3385496,0.4546386,-0.26586753,1.3277078,0.33987927,0.16895133,1.0964481,0.44779894,-0.2548201,1.0937288,0.23035845,0.18170124,0.87344646,0.5924621,-0.33568263,0.8308983,0.25970298
frame_0026.jpg,-0.07824311,0.9414073,0.43790594,-0.025139444,0.8570613,0.44084644,-0.14421153,0.8568933,0.4132322,-0.06819588,1.0685163,0.39281592,0.018252775,0.46031237,0.43406934,-0.2054881,0.48233712,0.45189732,-0.082262956,1.2035264,0.43301776,0.048314214,0.16548611,0.14197719,-0.1355856,0.050562542,0.46751097,-0.087803036,1.258752,0.44904298,0.094582945,0.070974015,0.22392471,-0.21409076,0.005286053,0.58923805,-0.09537514,1.4776905,0.45584488,-0.022851806,1.3795784,0.4621389,-0.16659355,1.3767014,0.43192437,-0.112507,1.552904,0.5198525,0.102605686,1.349733,0.48939446,-0.27610314,1.3364451,0.38820362,0.16644453,1.1109372,0.46151903,-0.2767942,1.0996982,0.28722984,0.19448894,0.87123144,0.5893737,-0.36355567,0.8393564,0.3353424
frame_0027.jpg,-0.08733309,0.95036966,0.48190334,-0.033446886,0.8663454,0.48962286,-0.15107602,0.8646822,0.4569922,-0.07738506,1.0749942,0.43354964,0.0026075467,0.4763165,0.52794325,-0.20721301,0.48242992,0.46720102,-0.09163719,1.2112575,0.47290182,0.020417653,0.13622162,0.28785887,-0.14440988,0.05539245,0.46965045,-0.09726932,1.2664677,0.48829412,0.068943016,0.056115974,0.3869845,-0.22451517,0.007366199,0.59258616,-0.10384438,1.4862539,0.4943048,-0.031199362,1.3880322,0.49954832,-0.17614579,1.3851191,0.47259456,-0.120144755,1.5606977,0.5596403,0.09610466,1.3602825,0.51843923,-0.28851196,1.3446742,0.4322431,0.16063252,1.1233,0.47016338,-0.30300465,1.103058,0.3437684,0.2088077,0.87615883,0.57840776,-0.3869668,0.85000354,0.41305265
frame_0028.jpg,-0.09608874,0.9554067,0.5259725,-0.04119594,0.87246597,0.53686345,-0.15743458,0.86871606,0.49956533,-0.08617269,1.0798919,0.47731614,-0.013414331,0.48554537,0.6086438,-0.21193117,0.4806429,0.48165023,-0.09976767,1.2168095,0.51603913,-0.0026424602,0.094888106,0.44239023,-0.15359378,0.056921016,0.4710529,-0.105568685,1.2717813,0.5309171,0.039205894,0.03695826,0.56258386,-0.22730748,0.00772056,0.5948255,-0.10984755,1.491414,0.536331,-0.03751733,1.3925557,0.5403031,-0.18384418,1.3908975,0.51554227,-0.12559392,1.5678439,0.59906864,0.09025726,1.3657444,0.55258983,-0.29849738,1.3511384,0.4790596,0.1544193,1.1318035,0.48776066,-0.32462472,1.1066395,0.3997476,0.21585655,0.8799101,0.57026833,-0.4075164,0.8587095,0.4937426
frame_0029.jpg,-0.10578765,0.9564071,0.5704168,-0.050359778,0.87320864,0.58524626,-0.16590253,0.87002766,0.541583,-0.09323986,1.0805147,0.5208933,-0.036098488,0.49243984,0.6812214,-0.21474202,0.482926,0.49398693,-0.10995612,1.217075,0.5586314,-0.041169107,0.06688906,0.6031792,-0.15457875,0.060843293,0.4724774,-0.11589431,1.2719561,0.57289946,-0.008412711,0.029501045,0.7358521,-0.22788516,0.010447688,0.59426266,-0.11886867,1.4916382,0.5772291,-0.046747833,1.3916818,0.5829023,-0.19356307,1.3920519,0.5570401,-0.13446604,1.5707972,0.63807476,0.081933334,1.3654634,0.5937845,-0.3089231,1.3556087,0.52500767,0.1422243,1.1350919,0.51608694,-0.34464952,1.1127863,0.46346226,0.21563406,0.87614924,0.5753274,-0.42837757,0.8705097,0.5782397
frame_0030.jpg,-0.11623646,0.95227116,0.6156585,-0.059400864,0.86910784,0.6351105,-0.17711054,0.8677504,0.58322746,-0.10114192,1.0768219,0.5640507,-0.058960773,0.49188313,0.74871206,-0.22223388,0.4796894,0.5115371,-0.11907763,1.2131616,0.6031386,-0.08789687,0.06348927,0.7531731,-0.15459487,0.063601434,0.47719264,-0.12455878,1.2674093,0.6177036,-0.059907682,0.04543463,0.8869443,-0.22933578,0.010681823,0.59917295,-0.12452432,1.4879379,0.62279034,-0.05270072,1.3867989,0.62828356,-0.20244756,1.389375,0.60216284,-0.13784932,1.5689902,0.6821606,0.077201664,1.3599968,0.6347862,-0.3199225,1.3527898,0.569948,0.12857024,1.1320904,0.5460703,-0.36361015,1.105464,0.5215265,0.21212624,0.86352843,0.5798607,-0.4413578,0.8689201,0.6627678
frame_0031.jpg,-0.12750533,0.9426206,0.66258895,-0.07112656,0.8582196,0.6834572,-0.19090016,0.8604954,0.6304752,-0.11099155,1.065908,0.60820204,-0.08323417,0.48467782,0.8220452,-0.22548664,0.47819945,0.5422665,-0.12639888,1.2015874,0.648421,-0.15077591,0.075870365,0.8929632,-0.15425092,0.06394309,0.4789757,-0.1303515,1.2558175,0.66329354,-0.118369505,0.07091847,1.0292921,-0.22528858,0.013795231,0.6028985,-0.12793629,1.4762881,0.668858,-0.05645395,1.3736612,0.6739219,-0.20752174,1.3783307,0.65064204,-0.13601474,1.5559753,0.7294518,0.0737903,1.3466065,0.6770216,-0.32658195,1.3460215,0.62505037,0.11573367,1.1219021,0.57603,-0.37921986,1.0956601,0.59980106,0.19823253,0.8498116,0.5917561,-0.44180182,0.86689544,0.76950926
frame_0032.jpg,-0.13946143,0.9306936,0.7111411,-0.081817806,0.8451614,0.73318654,-0.2033737,0.84956706,0.67694324,-0.12173016,1.0539942,0.65638465,-0.10350846,0.4774409,0.8896022,-0.22854312,0.46769217,0.5779456,-0.13568963,1.1899858,0.69879895,-0.19477266,0.07947058,1.0078515,-0.15056121,0.06460334,0.48001078,-0.13872291,1.2440974,0.7131451,-0.15085554,0.079548925,1.1369725,-0.22394672,0.011653099,0.6036271,-0.1308745,1.4640908,0.71901166,-0.06130974,1.3609773,0.72201854,-0.21407078,1.3673226,0.7030416,-0.13510273,1.5449052,0.7799342,0.07009061,1.336345,0.7220096,-0.33220667,1.3388515,0.68656754,0.10432918,1.1163195,0.60714716,-0.38729393,1.0863683,0.6873273,0.1777879,0.84231186,0.5993796,-0.4180981,0.8823677,0.8856051
frame_0033.jpg,-0.15079056,0.9211691,0.76313376,-0.09461442,0.83340794,0.7850385,-0.21563752,0.8406166,0.72863203,-0.1301612,1.0434719,0.7084847,-0.11797929,0.4686219,0.95032,-0.2370908,0.45836332,0.61864674,-0.13588731,1.179494,0.751327,-0.20984757,0.06763862,1.0564382,-0.1465298,0.070247665,0.48095995,-0.13819213,1.2344894,0.7651745,-0.15497178,0.056118153,1.1817883,-0.22335237,0.013440341,0.60049975,-0.12610193,1.4562473,0.77048266,-0.05770708,1.3495868,0.77118766,-0.21090938,1.3600583,0.756274,-0.13004951,1.5369607,0.83143884,0.07331909,1.3277805,0.76430154,-0.32875472,1.3360565,0.7461699,0.09590286,1.1106889,0.63436663,-0.3805899,1.0786915,0.7724496,0.15991901,0.8417979,0.60378075,-0.36057943,0.89980704,0.98499167
frame_0034.jpg,-0.15958022,0.9159936,0.81864005,-0.10410836,0.82739896,0.84116006,-0.2254379,0.83741903,0.7860814,-0.1355561,1.0389131,0.762432,-0.13054761,0.45900944,1.009501,-0.25909275,0.45269236,0.6718987,-0.1354503,1.178244,0.8040361,-0.21515778,0.051737055,1.0710293,-0.15068205,0.09060366,0.49856058,-0.13655119,1.2336282,0.81883276,-0.16240202,0.024841283,1.1980419,-0.21497431,0.01220005,0.61070395,-0.119636446,1.4550864,0.82087636,-0.05376768,1.3464619,0.8196828,-0.2063935,1.3615484,0.8118335,-0.121220216,1.5371649,0.88028264,0.07890694,1.3219532,0.80517393,-0.32355863,1.3387698,0.80853,0.087452486,1.1056865,0.6681701,-0.36362368,1.0787528,0.85237217,0.13920473,0.83926606,0.6217574,-0.28899843,0.9317007,1.0670896
frame_0035.jpg,-0.16334467,0.9192487,0.8729675,-0.10703138,0.8317472,0.89126885,-0.23173253,0.8402109,0.84481937,-0.14213952,1.0402018,0.81502724,-0.15098238,0.46060306,1.0607728,-0.2992239,0.45418367,0.78182966,-0.13606009,1.1787729,0.8599211,-0.23866022,0.04806235,1.076868,-0.18724658,0.14381777,0.53693235,-0.13320012,1.2350671,0.8727387,-0.19080733,0.011538386,1.2052249,-0.21765724,0.028632533,0.619235,-0.11178015,1.4559846,0.8726447,-0.04960756,1.3450826,0.865501,-0.20255412,1.3652412,0.8708666,-0.1076751,1.5386211,0.9313167,0.078343734,1.3181471,0.84123003,-0.31508678,1.345139,0.88187826,0.07307391,1.1041896,0.6897863,-0.34589243,1.0884317,0.9422479,0.1157798,0.84276736,0.627987,-0.21290547,0.9587803,1.1392471
frame_0036.jpg,-0.16197602,0.9266168,0.92225236,-0.10439992,0.84029686,0.9347859,-0.2330899,0.84676874,0.9034291,-0.14639021,1.0471354,0.8595798,-0.15363243,0.4580455,1.0955867,-0.3408804,0.46532744,0.91185087,-0.1347272,1.1839001,0.90405047,-0.2394733,0.0522393,1.0772072,-0.25260198,0.18645477,0.61405444,-0.12863658,1.2421137,0.917744,-0.18572092,0.0076973103,1.2047372,-0.27091014,0.053136557,0.66221064,-0.10130551,1.4603631,0.91391355,-0.043161556,1.3475341,0.9006548,-0.19257596,1.3723391,0.925283,-0.082564004,1.5447954,0.9684026,0.08486517,1.3182952,0.8643447,-0.3034249,1.3557745,0.95130545,0.050825372,1.1013486,0.71234155,-0.3189925,1.1001178,1.0172666,0.083758175,0.8392761,0.65577775,-0.14206076,0.9646565,1.1790853
frame_0037.jpg,-0.15784054,0.93313825,0.96474093,-0.0984774,0.8494481,0.963343,-0.22926363,0.8539458,0.9634075,-0.15449516,1.0523878,0.9003762,-0.13680652,0.46139574,1.1064994,-0.34258747,0.47931808,1.0419266,-0.13665076,1.1908076,0.9442613,-0.22049552,0.056364484,1.0683228,-0.3033737,0.21328562,0.7103219,-0.12514313,1.2474265,0.95745075,-0.16751343,0.010077737,1.1972084,-0.3248191,0.080406375,0.7547546,-0.098338746,1.4660509,0.9527709,-0.04633501,1.3521419,0.9258499,-0.1864743,1.3785716,0.97919506,-0.06956099,1.5428035,1.0126657,0.0712879,1.32226,0.8645526,-0.2865233,1.362668,1.0286393,0.019912422,1.1011931,0.7164296,-0.29299593,1.1082941,1.097912,0.050384566,0.834268,0.67339176,-0.06216173,0.959952,1.1951737
frame_0038.jpg,-0.1531029,0.9401707,1.0012093,-0.09566353,0.85697395,0.98832095,-0.22099364,0.8603889,1.0166825,-0.16221383,1.0581369,0.93723536,-0.12837532,0.4640332,1.1299586,-0.3110458,0.49179092,1.1468935,-0.13783082,1.1964072,0.97819906,-0.21362002,0.062119424,1.0898076,-0.35595024,0.22255136,0.8216268,-0.1224131,1.2523104,0.9906379,-0.16522072,0.010446459,1.2229356,-0.37191543,0.093444414,0.88053185,-0.09365996,1.4720209,0.98651195,-0.05047918,1.3573326,0.94737184,-0.17662525,1.3849357,1.0271225,-0.05263585,1.5479287,1.0376797,0.052935332,1.3253312,0.86640346,-0.2639839,1.3684552,1.0984384,-0.021153301,1.0987848,0.73120034,-0.2703436,1.112733,1.1561005,0.015184909,0.8277182,0.7009801,-0.019154325,0.95530486,1.196313
frame_0039.jpg,-0.14900675,0.94567347,1.0314996,-0.09658975,0.8618926,1.0004952,-0.21255392,0.86568826,1.0634645,-0.16796647,1.0639255,0.9730544,-0.11355388,0.46356678,1.1373636,-0.2637909,0.50231516,1.2269895,-0.1348957,1.2035279,1.0058086,-0.20395775,0.06542036,1.1087368,-0.37741154,0.21983343,0.93649864,-0.11685862,1.2590092,1.0148463,-0.15128133,0.014298134,1.2385681,-0.38456988,0.099423856,1.0124521,-0.098281145,1.4800254,1.0074506,-0.06028518,1.3674717,0.95638424,-0.16570333,1.3887852,1.0642838,-0.047966987,1.5618011,1.0466865,0.015736163,1.340667,0.8495314,-0.23246476,1.3744946,1.1543312,-0.07309641,1.0995065,0.75622636,-0.23373716,1.1177636,1.2047018,-0.023245603,0.82706016,0.7416657,0.0070093274,0.9605588,1.1812621
frame_0040.jpg,-0.14635545,0.9526474,1.0570155,-0.107332855,0.8698006,1.0104191,-0.19887528,0.87595475,1.1057794,-0.1773922,1.0697229,1.0082006,-0.10557054,0.46960858,1.1271534,-0.20272356,0.51620156,1.2877542,-0.13648996,1.2113835,1.0277374,-0.20518573,0.069204636,1.1005168,-0.39434895,0.2203573,1.0661736,-0.11686876,1.264687,1.031753,-0.14562704,0.011786837,1.2342588,-0.3806323,0.10686478,1.1479195,-0.10424874,1.4863265,1.0202565,-0.07895033,1.372786,0.959889,-0.15563776,1.396552,1.0927224,-0.045754492,1.5637203,1.0430801,-0.03479278,1.3456988,0.83907497,-0.19906944,1.381952,1.2000915,-0.13407071,1.0980331,0.77027977,-0.20610364,1.1256039,1.2490432,-0.057716936,0.83001834,0.77172136,0.01980105,0.9794432,1.1744293
frame_0041.jpg,-0.14323266,0.95976216,1.0782608,-0.12478888,0.8780884,1.0207629,-0.18343079,0.8854767,1.1427002,-0.18586726,1.0807544,1.0414168,-0.11805512,0.47155812,1.1096692,-0.14464559,0.51899534,1.3252667,-0.13844644,1.2198352,1.0446309,-0.23933348,0.074081466,1.1055629,-0.3898287,0.21004824,1.1981041,-0.12021968,1.2743391,1.0465041,-0.15522341,0.013720591,1.2286313,-0.34815258,0.10636865,1.287751,-0.117053345,1.4963886,1.0303904,-0.10203509,1.3827237,0.96451664,-0.14231606,1.403273,1.114022,-0.049572147,1.5719006,1.0350018,-0.09097251,1.3574698,0.83729637,-0.16448995,1.3866202,1.2336212,-0.20049594,1.1020626,0.7989248,-0.16255721,1.1349851,1.2945763,-0.0849977,0.8441419,0.8066822,0.039295048,0.99541694,1.1835346
frame_0042.jpg,-0.1396688,0.9642191,1.0945895,-0.14708735,0.88160133,1.0357332,-0.15664303,0.8926399,1.1695065,-0.18769398,1.086463,1.0752937,-0.13433602,0.4690277,1.0975593,-0.070767924,0.5223821,1.3195659,-0.14494412,1.2274481,1.05682,-0.2688454,0.078278095,1.1542176,-0.33313727,0.19873405,1.2957971,-0.12780838,1.2820547,1.0500469,-0.15031904,0.016519602,1.2251946,-0.25634113,0.10472465,1.364512,-0.13170125,1.5044607,1.0315325,-0.13966903,1.3900362,0.96504974,-0.1319106,1.4133918,1.1205896,-0.06163594,1.583932,1.0112709,-0.16738416,1.3663026,0.83887374,-0.11835939,1.4003049,1.2438815,-0.26346922,1.1080685,0.8344345,-0.105734184,1.1484658,1.3145071,-0.09993805,0.8744948,0.8265217,0.06773923,1.0224872,1.1665627
frame_0043.jpg,-0.1360335,0.96532106,1.1055697,-0.16315944,0.8821206,1.055947,-0.12619713,0.8910906,1.1807415,-0.1866583,1.0897108,1.1043711,-0.17006853,0.46223807,1.1031235,-0.0019537061,0.5229471,1.2869592,-0.1557375,1.2290382,1.0686728,-0.28305098,0.08684074,1.2179085,-0.22642553,0.18696435,1.3683443,-0.13887534,1.2874352,1.0580168,-0.16148376,0.021520494,1.2227192,-0.12373188,0.094939195,1.3977362,-0.15253799,1.5105588,1.0400821,-0.17411418,1.3935466,0.9790931,-0.12816946,1.4191961,1.1240543,-0.090485334,1.5893298,0.99929494,-0.23355007,1.3624569,0.8610839,-0.08967467,1.4065151,1.2433295,-0.30414605,1.1041051,0.8809805,-0.074169695,1.154097,1.3052759,-0.11023894,0.88732344,0.83197623,0.0788575,1.025142,1.1618216
frame_0044.jpg,-0.13387755,0.96099305,1.112588,-0.17388272,0.87754613,1.0775704,-0.1055886,0.88775307,1.1812385,-0.17964292,1.087141,1.1259173,-0.18753323,0.46382028,1.1294942,0.04785335,0.52324826,1.2215637,-0.15854338,1.2269632,1.0813253,-0.27766204,0.0867539,1.2855036,-0.1275704,0.17373516,1.3641824,-0.1453085,1.2842137,1.0666229,-0.1617671,0.018264204,1.2407665,-0.012380749,0.08922518,1.3500408,-0.15900294,1.5061328,1.0503935,-0.19846343,1.3905997,1.000171,-0.11687335,1.4159491,1.1256009,-0.10871418,1.5875301,0.9939676,-0.28605577,1.3585927,0.90657586,-0.052945808,1.4032147,1.2294842,-0.33278328,1.1021271,0.9373621,-0.05001904,1.1597296,1.3032659,-0.13435285,0.9069768,0.8459196,0.06483862,1.0114709,1.1584687
frame_0045.jpg,-0.13341615,0.95755,1.1165463,-0.17894214,0.8704767,1.0956123,-0.08794276,0.88070464,1.1747999,-0.17411378,1.0838586,1.1413845,-0.1967417,0.46252197,1.1499177,0.07273206,0.5225118,1.1441879,-0.16165176,1.2189983,1.0964379,-0.23180315,0.08575125,1.3415731,-0.053606927,0.15877934,1.3137544,-0.15021296,1.2771468,1.0796797,-0.15998966,0.019715548,1.2499614,0.058735922,0.07941526,1.2652972,-0.16733178,1.5003346,1.0687041,-0.21573484,1.3852466,1.0274876,-0.11050479,1.4087405,1.1317726,-0.13299546,1.582462,1.0031307,-0.3186903,1.354189,0.9526078,-0.033244222,1.3960586,1.221898,-0.3472252,1.0985345,0.9816237,-0.035812944,1.1522757,1.3067055,-0.1616846,0.92066526,0.8485222,0.0645013,0.98290294,1.1911614
frame_0046.jpg,-0.13360453,0.9509641,1.1178643,-0.18587466,0.86466885,1.1106439,-0.0758194,0.871721,1.162514,-0.16570298,1.0785148,1.149173,-0.20045993,0.46879563,1.1911182,0.06722784,0.5188992,1.0826558,-0.16308898,1.2136581,1.1034398,-0.19704899,0.08342816,1.3970807,-0.009254485,0.14372316,1.2573249,-0.15557763,1.2697313,1.0858892,-0.14819247,0.02528239,1.2730014,0.090952575,0.06905231,1.1776128,-0.16746515,1.4919927,1.0731668,-0.22541462,1.3781343,1.0437127,-0.103844956,1.4009371,1.1269794,-0.13876066,1.5723988,1.0062041,-0.3335306,1.3452703,0.9877821,-0.015052885,1.3884573,1.2040265,-0.3501817,1.0801108,1.0139656,-0.01355122,1.1469002,1.2974939,-0.18051013,0.9135886,0.84652406,0.069607615,0.94955903,1.2121459
frame_0047.jpg,-0.13242342,0.94400436,1.1166614,-0.18453434,0.8564094,1.1178696,-0.068887286,0.8612754,1.1506034,-0.15858008,1.0702784,1.1544391,-0.19576684,0.46981788,1.213853,0.04877244,0.5114858,1.0297432,-0.16205864,1.2058048,1.1121986,-0.17473689,0.07911302,1.4060478,0.008071274,0.12194793,1.1759605,-0.15826118,1.2616032,1.0931189,-0.1435398,0.0249829,1.2784823,0.09506358,0.058527026,1.0638196,-0.17582169,1.4807255,1.0774797,-0.23651822,1.3689619,1.0615534,-0.10177086,1.3921258,1.1217579,-0.15456305,1.5564834,1.0083638,-0.35033762,1.3320904,1.0192714,-0.001781106,1.3813986,1.181103,-0.35956076,1.0727446,1.0369074,0.0046377927,1.1480366,1.2880254,-0.22404703,0.90151113,0.8394034,0.102317795,0.91797006,1.2317163
frame_0048.jpg,-0.13018744,0.938018,1.1129789,-0.18280411,0.8529045,1.1210781,-0.062499873,0.85492367,1.1352363,-0.15010512,1.0647993,1.1525416,-0.1938475,0.46911326,1.229683,0.030172035,0.5113089,0.9871257,-0.15835813,1.1990303,1.108812,-0.1653575,0.07893531,1.4214228,0.018727705,0.10279242,1.0738279,-0.15742029,1.2539289,1.088107,-0.14868292,0.0251685,1.2930192,0.07798292,0.052384194,0.9415523,-0.17485356,1.4736079,1.0699234,-0.23760659,1.3618773,1.0639507,-0.096993975,1.3845782,1.1062343,-0.16162534,1.5456525,0.99835014,-0.35800403,1.3246894,1.0366123,0.008772925,1.3721834,1.1526357,-0.37047216,1.0651443,1.0542384,0.029612586,1.1382601,1.2551631,-0.2766055,0.8780659,0.85592747,0.118697,0.89235944,1.202014
frame_0049.jpg,-0.12762046,0.9315641,1.1053934,-0.17853346,0.8446332,1.1204765,-0.060300946,0.8472039,1.1178124,-0.14195162,1.0565826,1.1475687,-0.19528338,0.46168882,1.2466861,0.014587492,0.5117658,0.9471847,-0.15549763,1.1920637,1.1048685,-0.16058375,0.073489316,1.4363394,0.0045992583,0.096458346,0.9618337,-0.159632,1.2458968,1.0854939,-0.15637311,0.021141289,1.3069608,0.04789251,0.063099444,0.8252865,-0.17789099,1.4626173,1.0637914,-0.24168868,1.3524246,1.0692286,-0.097684786,1.3762715,1.0930551,-0.17008409,1.5365415,0.99404764,-0.36485657,1.3132601,1.056279,0.011617571,1.361828,1.1273835,-0.38713205,1.0593842,1.0746278,0.04033512,1.1292707,1.2323484,-0.33572564,0.86600924,0.8712075,0.1290605,0.87892056,1.18667
frame_0050.jpg,-0.12611611,0.930321,1.0942596,-0.17476447,0.8435826,1.1094286,-0.059369408,0.8460663,1.1011484,-0.13995476,1.0566959,1.1387116,-0.18719158,0.46011686,1.2453253,0.00081820786,0.50693077,0.92142814,-0.15524505,1.1920004,1.0976138,-0.15319978,0.07796371,1.4426033,-0.024229646,0.08736074,0.8729719,-0.15925139,1.2473292,1.0770894,-0.15360005,0.022650056,1.313807,0.01258944,0.07755201,0.7321202,-0.17750293,1.4634713,1.0556872,-0.23955208,1.3529956,1.0639049,-0.09734057,1.376342,1.080161,-0.17526627,1.5365041,0.98309726,-0.36217487,1.3146087,1.0558696,0.011998355,1.3628612,1.1077759,-0.3912105,1.0623125,1.0784929,0.04915881,1.1312474,1.2149887,-0.37022054,0.85724604,0.8901446,0.13788538,0.8787549,1.1663408
frame_0051.jpg,-0.12576465,0.9250673,1.0782263,-0.17516756,0.8383888,1.0956007,-0.06159339,0.8391733,1.083978,-0.13528231,1.0502297,1.1212454,-0.18374148,0.45829728,1.241752,-0.014056452,0.5000839,0.9007832,-0.15190677,1.1860265,1.0783955,-0.14648046,0.07944886,1.441192,-0.06093739,0.09079975,0.8065022,-0.1578433,1.2397821,1.0596446,-0.15704548,0.026957719,1.3110904,-0.021768533,0.09483488,0.66955626,-0.17774686,1.4542564,1.0362911,-0.2397606,1.3456665,1.0487965,-0.096716404,1.3687652,1.058674,-0.17846544,1.5300533,0.9637743,-0.3637132,1.3081322,1.0511229,0.013354227,1.3557675,1.0806023,-0.39861327,1.061904,1.0797484,0.058199316,1.1265323,1.1919953,-0.40118033,0.848648,0.9058184,0.14049025,0.873726,1.1463169
frame_0052.jpg,-0.12624013,0.91912395,1.0572468,-0.17518455,0.83302253,1.0778167,-0.0648939,0.83181167,1.0596883,-0.13139762,1.0443183,1.1003184,-0.1846424,0.45651618,1.2370517,-0.023247503,0.4883584,0.8753394,-0.14780502,1.1793277,1.0557851,-0.14043942,0.08211302,1.4440206,-0.08169137,0.08668816,0.7649188,-0.15442935,1.2336221,1.0379074,-0.15320113,0.029127182,1.3161197,-0.041512787,0.10214877,0.63335073,-0.17111592,1.4490747,1.0139642,-0.23497109,1.3407189,1.0301204,-0.0901386,1.3616995,1.0325942,-0.17778863,1.5244359,0.94007623,-0.35999045,1.3050077,1.0409878,0.02186422,1.3484261,1.0471368,-0.39934486,1.0608305,1.075351,0.07162422,1.1186296,1.1601586,-0.42829555,0.84487486,0.9076032,0.15046567,0.8680621,1.1121868
frame_0053.jpg,-0.12727365,0.90882033,1.0310282,-0.17628849,0.8239895,1.0548625,-0.06974618,0.81865245,1.0318706,-0.12755424,1.0343834,1.0727985,-0.1896418,0.45024967,1.2281379,-0.031569377,0.46977437,0.8533799,-0.14055163,1.1700255,1.029805,-0.14872226,0.08322124,1.4465355,-0.09254638,0.075266704,0.75279593,-0.14617346,1.2237921,1.0127895,-0.15598637,0.022050574,1.3200445,-0.04175455,0.089639366,0.6259852,-0.1569372,1.4394346,0.9899951,-0.22357021,1.3334804,1.010371,-0.078322515,1.3491737,1.0026902,-0.16587347,1.5177033,0.91575533,-0.34699678,1.302287,1.0286268,0.03575033,1.3302542,1.0106983,-0.393798,1.0662541,1.0662545,0.089554116,1.1007143,1.1166658,-0.44419485,0.84641826,0.9096939,0.16288626,0.8511491,1.0630956
frame_0054.jpg,-0.12837395,0.90368634,0.99918693,-0.17866586,0.81956756,1.0263808,-0.0714553,0.8115203,0.9995293,-0.12530962,1.029206,1.0379869,-0.19477844,0.45176437,1.213744,-0.039485328,0.45778364,0.8325102,-0.13686861,1.164657,0.9959235,-0.15159005,0.09150965,1.4444628,-0.11554392,0.06355024,0.7549947,-0.14169112,1.218388,0.9784023,-0.1619229,0.022109633,1.323594,-0.05756002,0.06588172,0.6362427,-0.1454569,1.4347163,0.951592,-0.21579373,1.3309131,0.9787376,-0.06891642,1.3415145,0.9625186,-0.15525,1.5124533,0.8786123,-0.33994687,1.303181,1.0077356,0.04767117,1.3187301,0.9645295,-0.38831374,1.0668433,1.0567335,0.10219018,1.0843254,1.0601064,-0.45878944,0.849417,0.9111744,0.16727632,0.8387115,0.9950403
frame_0055.jpg,-0.12914711,0.9011033,0.96114725,-0.17982951,0.8180745,0.9925517,-0.07079284,0.80971235,0.96284497,-0.12536944,1.0281748,0.99557805,-0.20024416,0.4532859,1.1894509,-0.031440556,0.45534298,0.8077675,-0.13289112,1.1625701,0.9532389,-0.15586635,0.105253704,1.441869,-0.105838284,0.048602797,0.7478574,-0.1369129,1.2160687,0.9348036,-0.16886005,0.02039559,1.3323789,-0.038505167,0.032271072,0.62965775,-0.13650326,1.4322717,0.9072148,-0.20877033,1.3304732,0.9406261,-0.060604513,1.3376603,0.9138996,-0.14624515,1.5117683,0.835485,-0.3317909,1.3051001,0.97897106,0.056765884,1.3105152,0.9105544,-0.3785841,1.0678598,1.0381203,0.103746295,1.0712123,0.99178594,-0.46470425,0.8575645,0.91437835,0.1716088,0.8293885,0.9113522
frame_0056.jpg,-0.12754491,0.9020367,0.9177859,-0.17926933,0.8199798,0.9472211,-0.06728853,0.81332064,0.9200772,-0.12362185,1.0313793,0.9540776,-0.20551914,0.45287085,1.1308252,-0.022652894,0.4599168,0.77298665,-0.12522471,1.1663322,0.91008556,-0.16644222,0.13493034,1.4199522,-0.09422475,0.03905838,0.73299944,-0.12685563,1.2201529,0.89105666,-0.17806916,0.030210596,1.3326062,-0.02393002,0.012623616,0.61645395,-0.118137725,1.4375399,0.8616828,-0.1933778,1.3374401,0.89757776,-0.04636263,1.3394248,0.8665819,-0.12655382,1.5110663,0.7912474,-0.3160055,1.3162814,0.9418678,0.06990802,1.305894,0.8582128,-0.37152836,1.0851043,1.0218143,0.10853407,1.0589471,0.92536336,-0.47872677,0.8702901,0.9275734,0.16135159,0.8181313,0.82466817
frame_0057.jpg,-0.12285819,0.9105104,0.8718457,-0.17494394,0.8270693,0.89925426,-0.062351346,0.82249546,0.8769431,-0.11999819,1.0407003,0.9089757,-0.20066845,0.45412883,1.0392094,-0.017484806,0.46132305,0.7474816,-0.11473868,1.1752052,0.86413956,-0.17023651,0.16282073,1.3651447,-0.09851175,0.04290522,0.73117054,-0.11596057,1.2296045,0.84504336,-0.17927432,0.040831257,1.3039933,-0.025636986,0.008928876,0.6135233,-0.09937435,1.445667,0.817678,-0.1769057,1.3482748,0.85448045,-0.030404635,1.347222,0.8194612,-0.10636619,1.5199331,0.7498443,-0.2961171,1.3319789,0.9054245,0.08645781,1.3104472,0.8053775,-0.3486333,1.1050316,0.99990904,0.107993,1.0577583,0.8583414,-0.46896946,0.88453066,0.9391041,0.14087993,0.82033205,0.7387876
frame_0058.jpg,-0.11644596,0.92213696,0.82599723,-0.17029828,0.83915764,0.8506837,-0.055969633,0.8350186,0.83338404,-0.114354536,1.0526763,0.8653088,-0.19828473,0.45769238,0.92817,-0.01518397,0.466752,0.72845644,-0.108428545,1.1875556,0.8185098,-0.1650102,0.1982802,1.2851723,-0.10253988,0.048199914,0.7307665,-0.10961411,1.2425606,0.8008222,-0.18198124,0.06888652,1.2491208,-0.032673553,0.008727763,0.6093219,-0.089977495,1.4580163,0.7753191,-0.16911876,1.3600085,0.8121413,-0.021509506,1.3593491,0.77415234,-0.09694222,1.5302985,0.7074536,-0.28797227,1.3486106,0.8695613,0.094879374,1.3239119,0.75712264,-0.33518478,1.1288404,0.9832282,0.10797915,1.069771,0.79835296,-0.46836558,0.90034163,0.9554596,0.120993495,0.84441453,0.6629931
frame_0059.jpg,-0.109444946,0.93391895,0.7813137,-0.16349539,0.8501991,0.80214673,-0.047571592,0.8469863,0.788374,-0.10951668,1.0633526,0.8211951,-0.20546767,0.4615308,0.8198604,-0.008509181,0.47391722,0.7067405,-0.10242976,1.1991171,0.77819115,-0.16582997,0.21269196,1.1813034,-0.08409783,0.052573428,0.7206801,-0.10469529,1.2541492,0.7617343,-0.20423421,0.08599444,1.1464707,-0.021472208,0.00931567,0.5984029,-0.08814391,1.4712044,0.73927927,-0.16514495,1.3727118,0.77685684,-0.018229596,1.3718398,0.73420864,-0.095585,1.5433851,0.67473996,-0.28297678,1.3617258,0.8397403,0.09573306,1.338296,0.7146771,-0.32279843,1.1464317,0.96572345,0.11175738,1.0800025,0.74316293,-0.45882344,0.9106665,0.9759937,0.10994266,0.86325216,0.58860815
frame_0060.jpg,-0.103822574,0.9431672,0.7371605,-0.16054907,0.8608273,0.7557275,-0.042736746,0.8557785,0.7437255,-0.1018051,1.0720336,0.77770466,-0.21251497,0.47502556,0.7232439,-0.005331576,0.47454762,0.69330347,-0.09653449,1.2071477,0.7358965,-0.17914978,0.19391453,1.0533446,-0.07912462,0.053823173,0.7221752,-0.09945749,1.2625957,0.72064424,-0.22110373,0.075972155,0.9999244,-0.019366056,0.008830853,0.600441,-0.08779551,1.4810224,0.7021079,-0.1624406,1.3803587,0.74066275,-0.015223503,1.3824378,0.692372,-0.097155005,1.5532869,0.63995713,-0.27986944,1.3682792,0.8077979,0.0992277,1.3489616,0.66726416,-0.3166303,1.157024,0.9419215,0.12342933,1.0874147,0.68180186,-0.44853175,0.920424,0.97593987,0.09964852,0.8864216,0.5200176
frame_0061.jpg,-0.09962041,0.94909006,0.6939122,-0.15763475,0.8672883,0.7091777,-0.03929571,0.8610454,0.699658,-0.09613477,1.0774195,0.73562604,-0.21346697,0.4883436,0.62325096,-0.0056698024,0.47443533,0.68075365,-0.09364819,1.2137631,0.6978393,-0.18557522,0.14976302,0.88124925,-0.07385509,0.056635767,0.73162585,-0.09811559,1.2688056,0.68420523,-0.23020256,0.0542518,0.8003951,-0.022616416,0.0056534857,0.6083958,-0.08953592,1.4882166,0.67147446,-0.16232201,1.3858278,0.70844084,-0.015394986,1.3900539,0.65650105,-0.10141651,1.5612156,0.6126586,-0.27787647,1.3698305,0.77879506,0.09875011,1.3562944,0.62545896,-0.30205536,1.158883,0.9128715,0.12386488,1.0935825,0.62133765,-0.42440587,0.9169339,0.97012436,0.06292706,0.9110403,0.4537824
frame_0062.jpg,-0.09653996,0.9514017,0.65125936,-0.1547874,0.8705982,0.6630263,-0.03684318,0.8640182,0.65797365,-0.09354328,1.0793933,0.6950273,-0.20291792,0.49833962,0.542526,-0.003882721,0.47073436,0.6662834,-0.091976315,1.2171623,0.65846103,-0.18270922,0.101064965,0.70615035,-0.06593113,0.05705072,0.73600304,-0.09665646,1.2722697,0.6460236,-0.22091383,0.03250326,0.5963786,-0.02211956,0.0048611946,0.6112,-0.0922929,1.4922439,0.6350289,-0.16275221,1.3880835,0.6708267,-0.016990468,1.3957937,0.6184579,-0.1063741,1.565074,0.57738113,-0.27596867,1.3682938,0.74128854,0.09697032,1.3630751,0.5864114,-0.28891122,1.1545527,0.8780476,0.123909175,1.0994704,0.57805943,-0.40517718,0.9133323,0.93843794,0.055317357,0.928471,0.404493
frame_0063.jpg,-0.0940373,0.9479564,0.6091573,-0.15312895,0.86757505,0.61605895,-0.035406932,0.8600178,0.6180926,-0.0914038,1.0753891,0.6538098,-0.20314768,0.49396303,0.4833779,-0.00036738813,0.47061703,0.65213436,-0.09007108,1.214115,0.62246585,-0.18810599,0.06559694,0.52738047,-0.057547018,0.05823158,0.7321108,-0.09464182,1.2698274,0.61078167,-0.21481827,0.029453022,0.40483832,-0.018390745,0.0051711835,0.6120882,-0.09221234,1.4905766,0.60242486,-0.16202451,1.3850663,0.6338236,-0.016963065,1.3938215,0.5879383,-0.10689004,1.5640817,0.5442292,-0.2728601,1.3625671,0.7039232,0.097731836,1.3639667,0.55683446,-0.27635762,1.1461949,0.8346159,0.140645,1.1014578,0.5452106,-0.38152295,0.8945189,0.8936919,0.053155057,0.9415614,0.367965
frame_0064.jpg,-0.091906644,0.9412336,0.5666859,-0.15120794,0.8613008,0.5712352,-0.033589505,0.85406715,0.57651347,-0.09071677,1.0683187,0.6136979,-0.19966245,0.49436694,0.42427123,-0.00058960915,0.46592134,0.6351758,-0.08821962,1.2075771,0.5861777,-0.18781829,0.06455347,0.37410313,-0.055741612,0.05701388,0.7314494,-0.09241832,1.2637563,0.5737494,-0.20597988,0.05430452,0.24282098,-0.022191629,0.0030794628,0.60840034,-0.091998935,1.4845589,0.56856346,-0.16096345,1.3785726,0.59838104,-0.015732259,1.3879776,0.5531431,-0.10623659,1.5590931,0.51218283,-0.27223134,1.3524654,0.66534853,0.10007546,1.3568915,0.5203979,-0.26661667,1.1324027,0.7918894,0.13844699,1.0912117,0.50686944,-0.35688934,0.8782531,0.8448694,0.04697693,0.9318627,0.31851852
frame_0065.jpg,-0.09041059,0.9320684,0.5225361,-0.14971009,0.8512306,0.52411085,-0.03260127,0.84676504,0.53588504,-0.09136103,1.058994,0.56914264,-0.19603881,0.48297712,0.36765528,-0.0063689947,0.46152902,0.6078574,-0.088790596,1.1975476,0.546013,-0.18337065,0.07126115,0.24693897,-0.061631687,0.06078464,0.7249648,-0.09237295,1.253757,0.53477085,-0.1896757,0.08459845,0.113113254,-0.032344155,0.00531327,0.6020418,-0.09218919,1.4744674,0.5351587,-0.16145158,1.3687905,0.55943596,-0.015630238,1.3773568,0.5200206,-0.103518926,1.5522541,0.47678244,-0.27463564,1.3415054,0.62145644,0.10150242,1.3454729,0.49162048,-0.26860458,1.1177554,0.74087644,0.13980633,1.079345,0.4773525,-0.34921122,0.8574234,0.78351045,0.06458753,0.91460013,0.28786248
frame_0066.jpg,-0.08943405,0.92139035,0.47640324,-0.14905626,0.8391751,0.47642154,-0.032941103,0.83441347,0.49362254,-0.09108468,1.0465733,0.52356136,-0.19450003,0.47536165,0.31489995,-0.005196877,0.45542157,0.5813129,-0.09041754,1.1869932,0.5015671,-0.17403716,0.06856632,0.18787754,-0.055510145,0.06413652,0.72560364,-0.09372236,1.243845,0.49140754,-0.17795998,0.08605385,0.044913888,-0.03066092,0.0045401603,0.60007477,-0.09944357,1.4655614,0.49376687,-0.1663622,1.3575677,0.51579016,-0.02097243,1.3690434,0.4798248,-0.10936057,1.5446454,0.43276972,-0.27982622,1.3296857,0.5734633,0.09678168,1.341627,0.45394126,-0.26674503,1.1034455,0.6906769,0.14030424,1.0765027,0.44465297,-0.33256814,0.8401643,0.7220801,0.08746777,0.89337164,0.2521448
frame_0067.jpg,-0.09004621,0.91097945,0.42826915,-0.15002106,0.8281326,0.4270104,-0.032403156,0.82430345,0.44717795,-0.094633944,1.0360125,0.47587636,-0.19104433,0.4686247,0.2627172,-0.0026263893,0.44832802,0.5524439,-0.09352277,1.1759404,0.45260984,-0.16976655,0.052967332,0.16238576,-0.05798176,0.06897372,0.72314775,-0.09738948,1.233088,0.44253936,-0.17154846,0.052500486,0.014527559,-0.031530604,0.004683148,0.5992675,-0.10860427,1.4540044,0.4458671,-0.17250048,1.344933,0.46542254,-0.028027069,1.3595575,0.433964,-0.12148121,1.5314753,0.38224903,-0.28804433,1.3130269,0.51852524,0.089346424,1.3333997,0.41457003,-0.2796143,1.0827993,0.6395563,0.13924478,1.0751864,0.41257712,-0.33576876,0.82100976,0.662441,0.1085677,0.8682693,0.23485313
frame_0068.jpg,-0.09203068,0.907863,0.37920135,-0.15271004,0.82557046,0.37671968,-0.035780434,0.8202328,0.40263474,-0.097347304,1.0329766,0.4276806,-0.18552123,0.4719609,0.20561391,-0.0016192868,0.44981498,0.5214392,-0.096310586,1.1732637,0.40236294,-0.16799311,0.040366434,0.14497653,-0.06508699,0.08745187,0.72986996,-0.0995633,1.2300057,0.39211264,-0.17016928,0.016060997,-0.0066904128,-0.033133738,0.0076782443,0.6085903,-0.116827816,1.4495282,0.39596006,-0.17800692,1.3400732,0.41169697,-0.03464008,1.3580072,0.387737,-0.12594229,1.525214,0.33158177,-0.29545465,1.3037202,0.45485824,0.08248498,1.3334895,0.37666503,-0.2947419,1.0649586,0.5635179,0.13477537,1.0755845,0.38756567,-0.35719278,0.800557,0.5670632,0.13217622,0.85450184,0.2190862
frame_0069.jpg,-0.094889104,0.912016,0.33205503,-0.15495294,0.8310467,0.3285324,-0.04202704,0.8227562,0.35598668,-0.099927776,1.0374446,0.38157153,-0.18574196,0.47375104,0.16780847,-0.00051867217,0.4523078,0.4605344,-0.09962551,1.1777817,0.35758513,-0.16598895,0.03439428,0.13918588,-0.06640427,0.118970126,0.70814526,-0.10260228,1.234106,0.34567326,-0.16621363,0.0019151382,-0.010201067,-0.03484021,0.02072911,0.6024422,-0.12553337,1.4530623,0.34663805,-0.18491058,1.3422062,0.35989428,-0.04074049,1.3638576,0.34348497,-0.13214613,1.5235364,0.27915618,-0.30550748,1.302953,0.3923735,0.07605119,1.3428956,0.33810627,-0.311183,1.0599027,0.48553485,0.12530011,1.0872508,0.36633632,-0.37648878,0.79330516,0.4632418,0.1513687,0.85320854,0.21454221
frame_0070.jpg,-0.09749111,0.92258257,0.29123726,-0.1567674,0.84022367,0.2874071,-0.04419135,0.83219147,0.3137236,-0.102666564,1.0467398,0.3414336,-0.18710585,0.47407454,0.14837383,0.0077458248,0.45867857,0.3785373,-0.103875,1.1891267,0.31794357,-0.15286782,0.038357392,0.14905323,-0.06175738,0.14944997,0.6552377,-0.106364526,1.2444328,0.30542278,-0.16184038,0.00038577616,0.0008638799,-0.031488292,0.030702887,0.5684818,-0.12866253,1.4647593,0.30399078,-0.18807691,1.3533165,0.31531692,-0.04503142,1.3762723,0.30612394,-0.13254371,1.537109,0.23681025,-0.3087145,1.3136607,0.33893546,0.07138129,1.356068,0.30832708,-0.32494333,1.063399,0.4166996,0.11803449,1.0987625,0.34769243,-0.39413562,0.8050528,0.36134958,0.16882187,0.8583923,0.21313332
frame_0071.jpg,-0.0987367,0.9328342,0.25733855,-0.15815255,0.8502496,0.25137597,-0.044946726,0.8432157,0.28057787,-0.106049605,1.0566837,0.3083315,-0.18401961,0.47924563,0.13857897,0.028277755,0.46594247,0.30524814,-0.10766321,1.1981375,0.28126365,-0.14447379,0.0436969,0.14502504,-0.05656146,0.1642957,0.5846981,-0.109513976,1.253991,0.26868823,-0.1577793,0.00341475,0.0022206306,-0.0037641823,0.042659402,0.51624095,-0.12988164,1.4752593,0.26830566,-0.19097203,1.363786,0.27264538,-0.047674097,1.3861046,0.2760972,-0.13176352,1.5492697,0.20287058,-0.31315708,1.3255739,0.2848939,0.06687999,1.3657538,0.28813422,-0.33113682,1.0727643,0.34869772,0.11015491,1.1074417,0.3371598,-0.39632607,0.82283896,0.2646163,0.17885229,0.86412424,0.21414764
frame_0072.jpg,-0.09881852,0.94198656,0.22843732,-0.15754941,0.85871464,0.22223125,-0.04304754,0.8529778,0.25233585,-0.10828355,1.0661519,0.27885896,-0.18390012,0.4824062,0.1300866,0.044850998,0.47930664,0.24105936,-0.10798898,1.2067182,0.2504825,-0.14706853,0.044967324,0.14206436,-0.051478207,0.16244829,0.50145185,-0.10865609,1.2631643,0.23812115,-0.15416467,0.0039200485,-0.003132537,0.018642679,0.05364379,0.43218568,-0.1272539,1.4834453,0.23910315,-0.19022438,1.3719852,0.23852055,-0.045824,1.393313,0.25012535,-0.1275247,1.5578338,0.17468604,-0.31448743,1.3384293,0.24257326,0.06939887,1.3748411,0.2701037,-0.34071022,1.0848808,0.2944663,0.10984247,1.1185589,0.32773492,-0.40062872,0.8440455,0.18016067,0.18652007,0.8736836,0.22060134
frame_0073.jpg,-0.097681634,0.94917357,0.20330754,-0.15608636,0.8650939,0.19597039,-0.040334377,0.86078805,0.22633816,-0.10832606,1.0726576,0.2540539,-0.18835452,0.485729,0.122801974,0.054621942,0.4872548,0.18793432,-0.107792586,1.2130393,0.22539984,-0.1498346,0.049446292,0.14352657,-0.03298276,0.1383895,0.40372536,-0.10826667,1.2693018,0.21241125,-0.1590789,0.0095649995,-0.00050881505,0.049952723,0.047255717,0.32610884,-0.12535821,1.4892759,0.21492599,-0.19021547,1.3788092,0.21019618,-0.043101415,1.3983449,0.22957182,-0.12296775,1.5655327,0.15189399,-0.31684804,1.3444731,0.20692763,0.07088079,1.3789729,0.253587,-0.34912392,1.0915655,0.24345224,0.107611276,1.1240435,0.31790656,-0.40218756,0.8563964,0.10822305,0.18279955,0.87730193,0.22149524
frame_0074.jpg,-0.09607594,0.9541983,0.18116443,-0.1530167,0.86889374,0.1764047,-0.037268464,0.86584115,0.20193446,-0.1068691,1.077604,0.2311078,-0.18825477,0.48528406,0.12257944,0.05300033,0.49427402,0.14853276,-0.10801616,1.2181574,0.202429,-0.15006447,0.05086695,0.1512396,-0.017250098,0.106720775,0.30964375,-0.1083218,1.2744585,0.18980992,-0.16112795,0.0096278265,0.0086722225,0.06625034,0.035657972,0.21553701,-0.121341154,1.493734,0.1909632,-0.18918738,1.3844458,0.18556549,-0.040986173,1.4020534,0.20838399,-0.11769752,1.5720879,0.1270412,-0.31571412,1.3513373,0.17857994,0.072142735,1.3800756,0.23551497,-0.34987152,1.099707,0.207404,0.10227524,1.1260746,0.30779773,-0.39322698,0.8756811,0.04886426,0.17625026,0.87636626,0.2245829
frame_0075.jpg,-0.094148085,0.9549908,0.16061729,-0.15143204,0.8701254,0.15736112,-0.035497297,0.8661956,0.1817171,-0.10383543,1.079026,0.21074905,-0.19199285,0.48475915,0.11308737,0.04718633,0.49340338,0.12964693,-0.103938505,1.2181965,0.18165395,-0.15866427,0.052026607,0.1508913,-0.00032566488,0.08175143,0.22816643,-0.10242556,1.2749931,0.16877851,-0.17120412,0.011250582,0.0111377835,0.07580726,0.03044096,0.11201355,-0.114184424,1.494235,0.17191485,-0.18253046,1.3861171,0.16384715,-0.035090387,1.4004009,0.1885699,-0.108202234,1.5752721,0.110304594,-0.30909497,1.3561075,0.15339388,0.07724762,1.3767133,0.21935943,-0.3445652,1.1057007,0.17649685,0.102622926,1.1233261,0.29651237,-0.3772794,0.8893664,0.0043450296,0.17440109,0.87657195,0.22113033
frame_0076.jpg,-0.09207728,0.953881,0.14086252,-0.14971617,0.86833495,0.13881001,-0.033292968,0.86515576,0.15812352,-0.09992618,1.0763595,0.19180252,-0.19339979,0.48385653,0.106143475,0.04463943,0.49249727,0.10744226,-0.10102592,1.217251,0.1645968,-0.15773115,0.047976058,0.14582849,0.0066874474,0.07250017,0.16311307,-0.09961194,1.2737948,0.15363054,-0.16997804,0.007859759,0.006002605,0.074844874,0.02945198,0.044732906,-0.11093066,1.4941194,0.15902579,-0.17952162,1.3858418,0.1524785,-0.03150657,1.4003348,0.17316027,-0.10525972,1.5752852,0.09837107,-0.306503,1.3552239,0.14678225,0.0803267,1.3771865,0.2020294,-0.34445944,1.1071135,0.15734333,0.104899935,1.1239792,0.2761901,-0.3719423,0.8921894,-0.020236462,0.17562485,0.8751696,0.200203
frame_0077.jpg,-0.08907308,0.9504241,0.120939165,-0.14637378,0.86441433,0.12120322,-0.031298924,0.859988,0.13577577,-0.094047286,1.0720263,0.17083804,-0.1882554,0.47619814,0.09634042,0.037442,0.48185438,0.0934515,-0.09486071,1.2118295,0.14599216,-0.14649719,0.04857093,0.15077254,-0.004500136,0.064896315,0.13495924,-0.093622744,1.2691787,0.13532314,-0.16452864,0.0062164403,0.01271525,0.05890636,0.022078872,0.014317393,-0.10411223,1.4885635,0.14642283,-0.1729687,1.3815322,0.13824984,-0.025903605,1.3925047,0.15571654,-0.10109177,1.5704613,0.08482702,-0.2988341,1.3539314,0.13417783,0.08683708,1.369421,0.18137616,-0.3388024,1.1065928,0.13310328,0.11522353,1.1195457,0.254992,-0.35936922,0.898926,-0.046404123,0.18448086,0.87439424,0.18151796
frame_0078.jpg,-0.08527699,0.9485239,0.101569064,-0.14374335,0.8635148,0.1020592,-0.027741116,0.8587398,0.115088254,-0.08820995,1.0707688,0.15202442,-0.18831274,0.47614586,0.08501674,0.038306653,0.4794054,0.086127445,-0.08885069,1.2117928,0.13292003,-0.13858256,0.04808185,0.14218846,-0.007334575,0.063485935,0.12801465,-0.088228084,1.2702651,0.12234397,-0.15298307,0.0047395974,0.0012011826,0.054780334,0.014681816,0.0074883625,-0.09912069,1.4887823,0.13381854,-0.16794899,1.381883,0.12693343,-0.020269632,1.3933698,0.14090125,-0.097245365,1.5702004,0.073405534,-0.29396147,1.3532639,0.12516926,0.09258039,1.3702033,0.16374108,-0.33588314,1.1049994,0.12350251,0.12261942,1.119393,0.23120674,-0.34951234,0.89702475,-0.049740948,0.18561876,0.8692674,0.16128592
frame_0079.jpg,-0.08110626,0.9499666,0.084818564,-0.1393461,0.86481357,0.08589763,-0.022859346,0.85998005,0.097926125,-0.08355287,1.0705521,0.133865,-0.18621385,0.47570986,0.0816392,0.03735333,0.4757858,0.08064743,-0.0833864,1.2122021,0.11387377,-0.14036304,0.053274404,0.15385462,-0.0029953048,0.059071027,0.114675015,-0.08311301,1.2700769,0.10351323,-0.15851422,0.0062064864,0.01584553,0.055423573,0.011587996,-0.010425173,-0.092789,1.4891541,0.11841701,-0.16192333,1.3824707,0.11087686,-0.013585992,1.3924392,0.123033956,-0.0904059,1.5715024,0.057728656,-0.28856233,1.3543191,0.10970025,0.10097623,1.368343,0.1438598,-0.3264568,1.1049794,0.111140065,0.12982295,1.1150112,0.20876104,-0.34282488,0.88968986,-0.052989624,0.18167461,0.867941,0.13817188
